,shrinkage,interaction.depth,n.minobsinnode,n.trees,RMSE,Rsquared,MAE,RMSESD,RsquaredSD,MAESD
139,0.085749067,9,5,693,12.79973699,0.427034389,10.08840705,5.768770995,0.218700133,4.207022183
12,0.010844129,4,5,2373,13.06172662,0.407175184,10.02454831,6.451191315,0.257921018,4.450902197
8,0.008259315,10,5,2331,13.06645796,0.407576326,10.04218531,6.662909943,0.265606253,4.536273978
10,0.009169927,3,6,987,13.11040614,0.401956768,10.01936488,6.590705326,0.294955981,4.555650168
898,0.533166078,7,5,915,13.23385755,0.51431869,10.45667162,6.992166478,0.289432658,4.540425509
119,0.072370204,7,6,752,13.31351621,0.403498708,10.02770093,5.914451435,0.244561194,4.125535713
44,0.028404802,8,5,4991,13.35374078,0.379934868,10.43181881,5.825515238,0.239165897,4.196217989
533,0.310040739,7,5,1317,13.37122595,0.410029369,10.27365737,6.04891824,0.271013237,4.317442056
654,0.382719886,5,5,3873,13.52520349,0.429755649,10.55851633,4.879260907,0.227870201,3.067149312
117,0.071061538,8,6,1556,13.58289942,0.372006504,10.32538591,5.63988451,0.208686166,4.209119627
272,0.160676215,6,7,4927,13.61167614,0.364412911,10.43422885,5.794919423,0.228858408,4.373199267
67,0.038410635,4,6,3875,13.62379568,0.359282432,10.5200934,5.643687231,0.201835474,3.979216915
722,0.425916061,6,5,940,13.63833023,0.415244008,10.62077171,6.870311764,0.268850532,4.986510369
41,0.027255635,2,7,435,13.68390587,0.350896419,10.54739584,6.417800296,0.281143423,4.467556958
372,0.216272881,5,5,2980,13.70537948,0.394644892,10.85923386,6.501648126,0.320101465,4.878191893
494,0.281436022,4,5,4160,13.71651161,0.385454905,10.6548991,6.677133265,0.288294605,4.766115735
250,0.149632871,6,6,2853,13.71879512,0.376973018,10.69402432,5.833781081,0.25501773,4.080331108
11,0.010667167,8,6,2800,13.72958167,0.359926606,10.43878331,6.323447348,0.25941001,4.330066271
5,0.007359157,8,9,2784,13.74189705,0.350855808,10.37836667,6.375138983,0.272424374,4.318049314
269,0.158850182,3,6,4999,13.75137325,0.346674859,11.04569825,5.441161104,0.225086713,4.091742447
71,0.04190519,7,6,2864,13.75667699,0.35692398,10.53635121,5.85597584,0.219710006,4.11431659
291,0.16845846,3,5,4448,13.76047126,0.373711376,10.67763824,5.338686158,0.261474979,3.963590134
443,0.254412768,4,10,72,13.76611371,0.361063562,10.34799569,6.6324022,0.260862106,4.558896841
217,0.130643633,3,5,1879,13.76706016,0.342483929,10.78061901,5.312268259,0.210019196,3.963244314
51,0.031453355,10,9,678,13.8282623,0.348871373,10.49599577,6.589628815,0.274091436,4.501858492
235,0.143226504,8,5,587,13.84126986,0.330909739,10.89564991,5.4273061,0.220398475,3.39673452
273,0.160843274,9,5,45,13.85060966,0.376819351,10.36778038,7.293243368,0.316655024,5.004220503
99,0.062046673,6,8,583,13.85926548,0.363043489,10.4570328,6.464915277,0.287839087,4.536204387
88,0.056622085,4,6,4805,13.86411084,0.328118138,10.63642008,6.045421248,0.241695444,4.211569101
103,0.063907952,7,6,3498,13.86757502,0.342564236,10.71885598,5.751692929,0.214339466,4.076311945
395,0.226137224,8,6,2775,13.8715717,0.358463568,10.75779281,5.41115329,0.232656409,4.081242545
242,0.145812602,6,5,1623,13.88670044,0.346619181,11.00433682,5.707491278,0.186802099,4.152724511
165,0.097738618,3,6,2830,13.91812389,0.331487599,10.88781773,6.052847179,0.252392609,4.210004966
713,0.421107429,3,7,4235,13.93410292,0.380900797,10.68854287,5.246146997,0.235801992,3.375306241
208,0.1199116,10,5,1815,13.94920293,0.340260846,10.65654936,5.703178079,0.203793389,3.976096039
253,0.150400984,9,6,3963,13.95331579,0.350088864,10.95926558,6.156991634,0.22532525,4.381075102
89,0.056926959,8,6,2069,13.97587485,0.343873372,10.93919415,5.783388343,0.241651276,3.905703942
402,0.228867566,3,7,639,13.97808674,0.332496993,10.35177294,5.7935696,0.215804515,4.038014774
93,0.058405515,10,7,1660,14.00224788,0.345088093,10.51991339,6.011086611,0.261388282,4.379024814
182,0.105645476,9,7,3756,14.02503387,0.339549085,10.57010775,5.527121333,0.231021581,4.326229902
236,0.143376034,10,7,4498,14.03333044,0.328923409,10.62403666,4.755831574,0.196667088,3.314519998
116,0.07049329,10,7,1942,14.05033913,0.333768922,10.85256528,5.383383518,0.228563292,3.908110998
7,0.0079251,3,10,1157,14.05623781,0.309491545,10.46969988,6.446608266,0.261526224,4.250054685
75,0.047455946,7,7,1641,14.07706191,0.334713716,10.63787401,5.627454368,0.230986189,4.127364916
338,0.19776318,6,6,1367,14.07812529,0.362625062,10.95687606,5.807541533,0.228539635,3.984543413
571,0.338073495,4,6,2272,14.08121555,0.359855946,10.8340557,5.288874603,0.241162637,3.957170842
102,0.063332676,4,6,4352,14.12591189,0.308908161,10.90598907,5.182574493,0.216973291,3.67348137
1,0.001543579,3,10,3427,14.12908253,0.290221083,10.66189071,6.199453999,0.259528417,4.296802036
134,0.085215612,6,11,274,14.13440634,0.304301105,10.43649835,6.359380531,0.256765936,3.880928916
231,0.140758652,2,5,4023,14.13717786,0.316178928,10.92386264,5.007077351,0.220627966,3.692455904
614,0.362459176,4,6,2104,14.13910298,0.38351417,10.50835777,6.106033772,0.236594482,4.059976534
107,0.065558396,7,6,3406,14.15049293,0.333153993,11.0590849,5.653885045,0.211338599,4.06872557
379,0.2180167,6,8,483,14.15631294,0.342380182,10.72616179,6.116511228,0.280450835,4.307118777
219,0.132120582,6,7,3219,14.1574996,0.31727625,10.66753023,5.448659919,0.216502776,4.172208177
60,0.034568321,5,8,1735,14.17198885,0.326781548,10.6069097,6.022336678,0.281732922,4.225759139
792,0.469583032,10,5,1706,14.17324829,0.377810446,11.05581545,7.012053183,0.308562689,4.75396205
59,0.034529973,4,9,2047,14.18345779,0.345777229,10.61134227,6.022341683,0.275006215,4.4464615
700,0.412635608,10,6,1051,14.20170367,0.346103465,11.1376051,4.992712659,0.170690205,3.325764555
9,0.008629095,8,11,3265,14.20328763,0.305494122,10.56704419,6.605877546,0.264103265,4.144450861
633,0.37302212,6,6,1608,14.21343381,0.354087722,10.84313971,6.475173088,0.239748843,4.711069065
193,0.111275491,4,8,807,14.23365655,0.32444082,10.6997421,6.245331431,0.289863188,4.495355852
172,0.100805351,8,6,1607,14.2373246,0.310857931,11.04845389,4.932045164,0.191503583,3.531468823
115,0.068345451,6,11,508,14.23986593,0.314387752,10.43098342,6.567635035,0.27047238,4.145838387
29,0.022419154,9,11,855,14.24055254,0.291689163,10.69110515,6.514093851,0.262044393,4.094313677
500,0.283565134,10,7,2897,14.24449041,0.332046725,10.44303973,6.095170202,0.281177692,3.865495937
303,0.175220671,10,7,3099,14.26241502,0.319908576,10.88714005,5.352979811,0.213228999,3.936122743
731,0.437153583,10,5,214,14.26471732,0.353580772,10.72814351,6.136387695,0.306337274,4.299622824
263,0.156007227,7,6,3877,14.26780525,0.301151629,10.92171887,5.372012397,0.201358998,3.599441072
685,0.405202306,10,7,3503,14.26935315,0.330391958,11.06714966,5.386125725,0.30043175,3.757891354
392,0.225593106,9,5,4588,14.28236195,0.352654562,11.17971688,5.707820569,0.257628828,4.055087365
350,0.204410531,7,7,3748,14.2989331,0.336880562,10.80597518,5.721261189,0.205684734,4.110600519
118,0.071702822,2,10,299,14.30087143,0.302509971,10.66780423,6.323313455,0.25384464,4.165934765
154,0.093857848,9,7,2955,14.31391822,0.316229092,11.04850189,5.525950854,0.217314989,4.165438878
487,0.279875806,1,5,14,14.32248604,0.277176413,11.60417202,5.23360296,0.26514682,4.023962463
312,0.180917166,10,8,4484,14.3272178,0.311885771,10.97796882,5.759908339,0.267743956,4.621161849
238,0.143769119,2,6,1307,14.32865133,0.315337741,11.12641169,4.791022105,0.213255117,3.383837794
243,0.146164502,4,7,784,14.33586317,0.314270761,10.81229458,5.79317584,0.223050315,4.398733121
178,0.103922165,6,8,1997,14.3370177,0.32905582,10.94657753,5.917171625,0.276623414,4.309958886
245,0.146667923,9,9,125,14.34838882,0.311022738,10.84214049,6.930113328,0.283619547,4.838545461
175,0.10281487,6,8,1205,14.35166131,0.322345642,10.87104598,5.794861862,0.240557398,4.388533476
227,0.138621155,3,9,3142,14.35284077,0.332014763,10.82053845,5.156409744,0.261460692,3.484926018
90,0.057293338,3,7,1378,14.38218092,0.318607263,10.78344458,5.771823037,0.227786842,3.974754797
450,0.257598438,8,6,3936,14.38494575,0.317878851,11.36421266,4.797233623,0.182766963,3.524560697
519,0.29978467,3,6,4149,14.38760126,0.336983131,11.00472047,4.881285532,0.290287759,3.519880584
581,0.345457912,4,9,826,14.38868821,0.335064401,11.0471152,5.930539924,0.230819208,4.421234276
537,0.313912429,10,8,2144,14.39470216,0.322941692,10.9640176,4.873924334,0.248525872,3.623500619
130,0.084300959,9,10,1386,14.41243673,0.353592648,10.61363707,5.829880704,0.286419667,4.425214365
177,0.103151239,8,7,3242,14.41453597,0.301897882,10.94573424,5.139421776,0.185411911,3.917111803
198,0.114282417,6,5,3204,14.41990761,0.337409386,11.2013875,5.971103367,0.271698023,4.31571102
811,0.480847585,2,5,4730,14.43276296,0.371084833,11.45100737,4.891629685,0.258888732,3.521704033
529,0.306948803,2,7,1813,14.45603712,0.325635177,11.24094622,5.213125874,0.22645695,3.531476222
181,0.105263951,8,9,848,14.47434403,0.313910381,11.01651323,5.865528976,0.256434957,4.203326179
367,0.212578091,2,10,59,14.4786625,0.32705764,10.76724852,7.401394038,0.311752434,4.708666404
161,0.097374814,3,9,2563,14.48208499,0.32273144,11.15912038,5.841616463,0.28921699,4.489227781
123,0.074262102,1,9,98,14.48283023,0.279136286,11.13809259,5.9604246,0.251495964,4.106578824
300,0.172805898,4,9,495,14.48323162,0.334056228,10.77037478,6.09385548,0.264406554,4.508352461
50,0.031207433,7,11,1475,14.48421659,0.292184083,10.73021534,6.598555793,0.283219438,4.152840658
543,0.317623379,10,8,1653,14.50289644,0.324104427,10.91020485,5.473577761,0.220303055,3.887675654
561,0.330182051,7,7,619,14.50410254,0.313089585,10.95395539,5.193596791,0.196794992,3.517299308
504,0.286453425,10,8,4519,14.52049244,0.300810027,11.42166203,5.488643417,0.284390899,3.792296472
420,0.241471184,6,8,2463,14.5362582,0.298881554,10.95774631,5.343480944,0.244249485,3.883419434
586,0.349489169,3,5,1130,14.54243467,0.32308137,10.94200007,5.491686282,0.263099754,4.57607396
383,0.220264959,6,7,2718,14.54757149,0.296854753,11.19172367,5.045522837,0.218272364,3.644358886
589,0.349996678,8,5,846,14.54805596,0.319485255,11.46252213,6.120267796,0.228296796,4.120619844
171,0.100247335,4,7,2613,14.55648233,0.291699647,11.01967924,5.560016303,0.196801256,4.166231137
162,0.097394368,3,9,1012,14.56733994,0.322875833,10.85221734,5.484652415,0.287286636,4.027510338
164,0.097684368,1,6,91,14.57320299,0.301988908,11.30684292,6.366077336,0.281663302,4.575421774
421,0.242040032,7,8,329,14.58729858,0.322487795,11.00601405,6.09304037,0.255975077,4.266551187
326,0.191627844,7,7,4083,14.59298582,0.296247703,11.37327657,5.224475624,0.209396436,3.482477939
78,0.051422639,10,9,2644,14.59722276,0.312670302,11.05446869,5.93866013,0.292913834,4.376357136
328,0.193200854,4,9,128,14.60401865,0.308284468,10.74500969,5.500499927,0.245956647,3.769249354
479,0.273663515,5,6,1580,14.60884786,0.294131207,11.20166091,4.672163987,0.22439879,2.939978461
764,0.453916651,4,9,3665,14.61595297,0.341870278,11.52443672,6.006897411,0.274249526,4.806711391
188,0.107631551,7,9,1519,14.61767839,0.321525779,10.82890115,5.913209144,0.271496476,4.151081634
229,0.139068928,3,7,3600,14.61882723,0.288014156,10.94099443,5.504544446,0.25471031,4.354830248
687,0.405466707,8,6,3532,14.62494809,0.299092989,11.5117727,5.36284322,0.286836834,4.052081296
462,0.263470406,3,7,4908,14.63720648,0.298194196,11.54512452,4.805679523,0.196297984,3.3560534
142,0.086691317,9,8,2063,14.64038308,0.289960095,10.77078176,5.437060512,0.239438664,3.95685197
634,0.373730467,2,5,3154,14.65116951,0.352457997,11.61991482,5.137928271,0.265350326,3.965634767
191,0.110361587,2,8,1621,14.65284666,0.311885921,10.78008005,6.06105484,0.289309882,3.992973198
325,0.191200346,4,8,4692,14.66508777,0.287192055,10.9898737,5.608712787,0.226320693,3.976497962
374,0.216877467,9,6,1297,14.66878863,0.300580169,11.07542898,5.015301982,0.225242892,2.803480845
910,0.539641033,7,6,2023,14.67284067,0.307777347,11.75536822,4.626479956,0.288879288,3.565661149
295,0.170202266,8,7,1751,14.67575396,0.25939213,11.41948549,5.262311,0.208270701,3.698984186
221,0.13407557,10,6,2805,14.67591167,0.303130733,11.14481711,6.007166781,0.229255494,4.405765571
439,0.253648755,10,9,957,14.68219311,0.336890095,11.07530351,6.55866832,0.276820199,4.624337203
128,0.082023755,6,11,628,14.72842229,0.28557529,10.73606277,6.524144876,0.30242505,4.105611795
309,0.179862194,3,7,2699,14.73965191,0.291378026,11.38855396,5.709918729,0.220827952,4.392764724
95,0.058766166,10,10,2418,14.74128525,0.310845052,10.87425303,5.792469185,0.277856414,4.335890806
659,0.384640411,4,5,1061,14.7473094,0.283037884,11.76018262,5.266458209,0.231505541,3.205959465
73,0.045135445,7,11,1632,14.75736751,0.312582487,10.77234446,6.580902531,0.291577853,4.374827987
36,0.025514536,7,12,2502,14.76569134,0.280571419,10.79257289,6.81918219,0.284096019,4.186890979
433,0.250157284,8,10,92,14.76638307,0.283842062,11.07233101,6.489395848,0.263015441,4.663448498
186,0.106797358,8,7,2828,14.77055557,0.28639647,11.28553739,5.482900914,0.227821096,4.327795937
35,0.025049016,6,12,1014,14.77347662,0.252009642,11.00472616,6.470410571,0.250612941,3.96993336
294,0.169805338,7,7,2320,14.77681209,0.28584605,11.24461711,5.665580679,0.198064122,4.188752582
234,0.142660531,7,6,4164,14.80405456,0.285611412,11.81277254,5.296886879,0.188394015,3.626234589
197,0.114077702,6,10,1858,14.80611434,0.322066486,11.3544153,5.94345018,0.269299531,4.597411434
92,0.057953968,9,10,1750,14.80766004,0.301576143,10.93833912,5.731600855,0.267829462,4.174503998
63,0.036338485,7,10,4814,14.82011836,0.317512022,11.14071175,5.959671628,0.269600817,4.414242899
347,0.202252586,4,10,378,14.8381548,0.303464917,10.87951909,6.19949394,0.301544438,4.319713249
62,0.036109005,8,10,3772,14.84177567,0.313094607,11.09338512,5.96736717,0.277715014,4.270797746
110,0.067222484,9,12,1152,14.86186614,0.282691827,10.85164752,6.778808327,0.291665643,4.147814519
899,0.533721874,7,8,3963,14.86344377,0.300064373,11.53817841,3.954830326,0.254711734,3.230435327
773,0.461274035,10,6,3779,14.86934878,0.339460853,11.48382021,5.002943138,0.2532986,3.442858441
163,0.097630799,4,7,706,14.87624218,0.282715685,11.28900776,6.165180989,0.258879207,4.283442885
779,0.463979435,6,5,325,14.89304069,0.368150165,11.11005662,6.388991856,0.332918504,4.366701224
159,0.096885497,5,9,1382,14.89524658,0.281703414,11.23672002,5.70763374,0.285482763,4.281489963
906,0.53647769,7,7,2445,14.89956771,0.292845399,12.13100306,5.625152743,0.24267943,4.260256155
54,0.032403743,8,12,761,14.9063001,0.253312732,11.18209774,6.624662639,0.242625609,4.181805602
553,0.324162631,3,7,4031,14.90748176,0.299836398,11.50096444,5.517247288,0.175444545,4.058160617
454,0.260952002,10,5,4162,14.9211355,0.306013402,11.89217772,4.609283634,0.192844081,3.557246905
664,0.389708412,6,15,112,14.92251033,0.291878104,11.30280877,7.406664027,0.254904336,4.974928615
448,0.257234657,9,9,3817,14.9254946,0.325854426,11.49491232,5.987071997,0.285722019,4.394018107
108,0.065823635,2,9,3604,14.93482032,0.301947395,11.34782127,5.391661559,0.270160517,4.151683723
668,0.392004643,10,6,3644,14.93574768,0.321505057,12.03827879,6.431892667,0.211100142,4.637494452
548,0.321352593,9,7,2200,14.95545728,0.28487758,11.84158689,4.243499935,0.187411823,3.310729106
896,0.530898116,10,8,3255,14.95899561,0.298770638,12.20319711,4.828889308,0.248579886,3.552186393
199,0.11541037,10,12,1243,14.96371254,0.313132586,10.83318949,6.941192469,0.290860332,4.430889484
147,0.088816423,6,12,891,14.96683522,0.279753521,10.86396372,6.998713568,0.282554941,4.212720121
262,0.154592566,10,9,3751,14.97745186,0.29579621,11.73501918,5.51376578,0.275646032,4.095890603
734,0.437727761,5,7,3539,14.98747505,0.278821972,11.93988995,4.670212907,0.168140736,3.362520088
428,0.247339123,3,11,263,14.99274833,0.311245477,11.21983009,7.448448955,0.257784231,4.940142987
314,0.183287704,2,9,2640,15.00676319,0.301499457,11.49429386,5.842312881,0.274311225,4.549348183
636,0.3756854,4,5,3361,15.01300527,0.284471918,11.43602729,6.027535184,0.294120903,4.615609563
52,0.031613972,7,12,3350,15.01457029,0.28514528,10.8557587,6.837952543,0.287266535,4.165263559
835,0.493634812,6,7,1333,15.02028447,0.263937837,11.88644589,5.401391721,0.210919374,3.880856516
956,0.571688746,1,17,41,15.02255271,0.222597939,11.65150814,6.149298389,0.249997759,4.00179373
266,0.157454982,8,6,4117,15.02977919,0.262802639,11.58743169,5.566248145,0.210685271,3.86945506
145,0.087723251,9,10,2614,15.04845638,0.326198639,11.38134346,5.601779378,0.256502445,4.243610992
610,0.361276351,3,10,3807,15.06579817,0.366561363,11.98888342,5.993267176,0.257909222,4.683460212
791,0.469347094,2,6,1053,15.07157714,0.343087203,11.42832622,6.244008915,0.274426392,4.381114237
862,0.508229483,7,7,934,15.07801287,0.296774145,11.72989434,5.571861601,0.240963461,4.449187178
252,0.149745198,3,9,2749,15.08030697,0.303173139,11.32395706,6.047630386,0.262604253,4.364531186
692,0.407657443,6,7,2456,15.09616755,0.276204937,11.88900753,5.3688132,0.259173764,3.515063921
287,0.166699076,7,9,950,15.09808742,0.319875339,11.35067622,6.338073784,0.302401087,4.486858354
595,0.353485766,7,8,427,15.0988446,0.28706139,11.57774319,4.654251225,0.213409957,3.49458833
2,0.003063032,7,17,4612,15.13406827,0.183191684,11.82645968,5.585416013,0.180142469,3.648273912
693,0.408222522,7,9,2916,15.14285808,0.285648747,11.58469454,6.603636863,0.226351242,4.923206568
45,0.028910733,7,17,826,15.1498354,0.195294308,11.81951328,5.875009616,0.206702547,3.852754283
21,0.018005017,3,13,766,15.15844107,0.215253882,11.43121247,6.146520069,0.222292923,3.990630984
69,0.03912897,7,17,468,15.16000751,0.177543009,11.82820783,5.651214513,0.193936219,3.679552996
578,0.343102817,4,9,2808,15.16583011,0.321567997,11.83288676,5.033000758,0.252815363,3.683504127
57,0.034097487,10,14,501,15.17012375,0.209600435,11.47207736,6.18422357,0.205471826,4.05118151
37,0.026188816,9,17,436,15.17317436,0.169761443,11.94187605,5.408538777,0.162488305,3.50222637
678,0.403020515,2,11,144,15.18201641,0.311730301,10.92994673,6.37235573,0.317938387,3.575575469
113,0.068091378,1,9,408,15.18342772,0.287095599,11.36729045,6.498771903,0.278545499,4.380139728
994,0.594579197,4,9,758,15.18870032,0.32671901,11.75370802,5.853199483,0.26177906,4.497763732
332,0.194584666,9,8,4864,15.19292598,0.262653003,11.65707858,6.199964041,0.263813414,4.426853168
839,0.494986854,10,9,3740,15.19711718,0.345430096,11.9197277,7.058808543,0.302828123,5.703871315
870,0.511411001,3,6,913,15.19825483,0.288091782,11.57262955,5.452692278,0.243431363,3.510503128
168,0.09852284,9,16,549,15.20783562,0.222379056,11.59527823,6.036815556,0.231181748,3.928441312
230,0.139602029,10,10,1611,15.2084816,0.324753041,11.39877223,5.69716367,0.298505069,4.237551672
927,0.555406839,7,6,4320,15.22888063,0.358179851,11.60490615,7.341299716,0.267442235,4.479736878
509,0.290943718,6,9,1836,15.23137468,0.301210155,11.7132083,6.172246343,0.315601472,4.480825368
575,0.341063759,4,6,4951,15.2340924,0.328055082,11.91050678,5.752058647,0.242519849,3.992876861
801,0.476289683,10,7,4372,15.23989012,0.288934426,11.45510218,6.267089976,0.212329173,3.956756641
591,0.352644329,9,7,3898,15.24959793,0.273157613,11.43440103,4.968898935,0.148872795,3.379553115
282,0.163914061,4,10,4621,15.25532468,0.348277409,11.7343152,6.432159888,0.268825134,4.835517997
623,0.367672767,6,13,7,15.27505395,0.148360843,11.99005581,5.167644947,0.11002425,3.254612631
456,0.261550305,1,17,452,15.28381457,0.2537619,11.40336054,6.369060394,0.207306975,4.247647431
150,0.091018115,4,10,1198,15.28803402,0.29906375,11.49504256,5.845019237,0.249601893,4.238046065
967,0.578182266,4,12,1163,15.29429591,0.383550756,11.77576466,6.941122971,0.300325005,5.427242575
27,0.021610552,10,13,1337,15.30357633,0.240409859,11.47726286,6.799776161,0.258029566,4.246812173
42,0.027557269,3,14,756,15.30774519,0.213255634,11.49591838,6.26909796,0.219159751,4.116774523
114,0.068224977,3,10,2922,15.31759232,0.292958982,11.51235643,5.869822706,0.259421534,4.601468899
832,0.491998395,2,9,159,15.3210939,0.254472842,11.57801564,4.841125086,0.228651904,3.556637244
407,0.231908925,3,10,498,15.33199606,0.297632974,11.67675953,6.623161533,0.252507389,4.913449009
827,0.489951768,6,8,3377,15.34222031,0.322875435,12.25893754,4.528937779,0.213322322,2.990320021
618,0.366690406,5,7,3984,15.3504376,0.285723421,11.63064127,6.131670943,0.253372019,4.078089604
551,0.321813514,9,8,2937,15.35050017,0.268265244,11.10863008,5.422950338,0.240014559,3.806550338
602,0.357713099,4,9,551,15.35832686,0.297844744,11.79250999,5.151452974,0.265474192,3.942728692
534,0.310234241,5,11,506,15.36416492,0.313674104,11.70924889,5.81246014,0.230693577,4.679062089
357,0.207277549,7,10,814,15.37679793,0.306226539,11.71944096,6.372771612,0.284167985,4.978288564
16,0.013081931,1,6,2695,15.38197466,0.285410006,11.72931131,6.096081365,0.27527326,4.473565066
223,0.1352443,5,16,210,15.3927802,0.208245858,11.83328736,6.215012554,0.205456422,4.361534515
141,0.086030874,3,16,741,15.397798,0.232347657,11.71686729,6.570788993,0.2250521,4.393620594
324,0.190405035,7,10,2891,15.40409988,0.312846486,11.48641013,5.818577383,0.273040378,4.328736869
706,0.416620583,8,10,3967,15.40530719,0.343641544,12.05102893,6.377899052,0.270216236,5.280703428
365,0.211568673,3,12,1,15.44631291,0.186487419,12.45047987,5.200780934,0.138588557,3.522819854
174,0.101231691,5,11,1885,15.4550787,0.2958134,11.53226635,5.98854509,0.249439258,4.380553938
635,0.375580701,7,8,3293,15.46361516,0.285474545,11.65330914,5.381266906,0.25820119,3.843679393
220,0.132416237,8,11,3368,15.46375597,0.324740852,11.50779526,5.742011181,0.253488195,4.658464774
24,0.02110346,6,14,1836,15.46452099,0.230355009,11.54605693,6.823447305,0.225713583,4.274238156
18,0.014051144,1,17,3848,15.46511703,0.194341786,11.92972614,6.056184636,0.194156895,4.016562075
33,0.024459794,1,16,1829,15.48420492,0.204772576,11.89533077,6.340288664,0.202639465,4.093998676
946,0.566072802,5,9,626,15.48455586,0.31361155,12.3525117,4.641960972,0.234336208,3.183789013
76,0.047582444,3,15,1652,15.48619601,0.245346202,11.39102245,6.859954961,0.243982667,4.317333316
446,0.256231827,5,10,3474,15.48878604,0.289391238,12.31046438,5.142876442,0.242524168,4.285738399
85,0.053902847,6,16,1770,15.49091669,0.234133736,11.54969967,6.550718098,0.221944685,4.427819082
545,0.318068735,3,17,316,15.49837341,0.235082242,11.75317123,5.878099074,0.207556258,3.934754903
850,0.500869846,5,9,29,15.49997911,0.265103658,11.91405061,6.864988866,0.295505736,4.373536856
965,0.577459697,10,7,2763,15.5013157,0.313964678,12.16741469,5.454585584,0.231050118,4.070099963
837,0.49479415,4,8,4149,15.50453938,0.294305736,12.39137074,6.237691453,0.224504127,4.532102584
594,0.353391161,6,10,1147,15.51351327,0.297382601,12.3374458,5.49575767,0.22418821,4.120606477
431,0.249792441,5,10,4743,15.52099309,0.318798752,11.93373289,6.477656089,0.251300666,5.415079025
729,0.436584872,7,6,3412,15.52682189,0.29364503,12.50085521,6.023459806,0.182896762,4.192803829
387,0.223675133,7,17,411,15.52840248,0.226351608,11.57810249,6.100684676,0.224424918,4.05144267
684,0.404074929,7,9,1631,15.53820738,0.288103622,12.43755566,5.4118474,0.222750822,4.401588766
183,0.105904072,7,10,4227,15.53838981,0.30274926,11.8121811,5.772945932,0.269369323,4.302182264
656,0.383235884,5,8,2700,15.54147151,0.278875776,11.39044749,5.44503685,0.227389575,3.962124425
364,0.211531655,5,14,111,15.5444394,0.225103216,11.74193538,6.389267093,0.244337344,4.380411344
457,0.26201587,3,14,232,15.54586141,0.231323455,11.69610247,6.632909416,0.246829805,4.345201428
138,0.085744813,9,13,727,15.54643424,0.2658871,11.59802549,6.925391745,0.279802019,4.191108005
418,0.240876727,8,6,2021,15.55695235,0.26583179,11.89391573,4.763371643,0.192245453,3.299220277
938,0.560636781,10,10,3278,15.58525717,0.30914977,12.30083958,6.028672763,0.236974206,4.945859279
65,0.036738768,9,16,3170,15.58772357,0.254361141,11.47763458,6.689186466,0.218189978,4.343035043
518,0.298984724,6,6,3556,15.5877554,0.239698895,12.32310442,5.427347499,0.200239422,4.018316141
408,0.23417799,9,10,4066,15.58867317,0.300163309,11.96553905,5.952563754,0.271234434,4.67798764
752,0.449340182,10,9,2984,15.59279301,0.298382634,12.12181504,6.262943099,0.278659301,4.511139961
207,0.11878804,10,10,3041,15.59295347,0.29867174,12.026855,6.142670928,0.264633778,4.737161121
415,0.236965596,6,9,1623,15.59384233,0.293741811,12.00737427,6.204260882,0.284603026,4.829105328
593,0.353090367,7,8,2153,15.59422678,0.261913503,12.02470837,4.365372272,0.2298114,2.905404424
977,0.582083989,6,6,2548,15.59522529,0.313910971,11.98980554,4.492953534,0.175753392,3.369917398
131,0.084646622,2,17,1141,15.60618716,0.216903714,11.7825865,6.192735976,0.198517461,4.129640185
900,0.53393892,9,5,2387,15.61474026,0.321910091,12.01243999,6.20948687,0.249488604,4.427027848
53,0.031778649,2,15,3764,15.63471737,0.272798343,11.46184832,7.177403266,0.251503441,4.576210398
874,0.513147596,4,11,1533,15.64404376,0.32056712,12.21407399,5.784044934,0.24667887,4.389694932
783,0.465366968,7,9,412,15.64761537,0.295560044,12.10584416,5.099388046,0.251875888,3.63094111
751,0.449333698,9,5,3526,15.64971483,0.322618313,12.5285598,6.867199343,0.287389092,5.174446442
271,0.159923873,3,11,1488,15.65165031,0.326786233,11.74627866,5.739007401,0.287169606,4.143819571
409,0.23462956,4,10,177,15.65410342,0.261459709,11.54474981,6.790392927,0.26147676,4.434878097
476,0.271941563,2,11,1486,15.67016676,0.327926638,12.06072745,5.82661199,0.26337054,4.449741819
609,0.361245283,8,10,1193,15.67605664,0.295595748,12.26904922,6.518894356,0.330473104,5.233977252
739,0.441562413,7,8,2964,15.67682288,0.27496033,12.27279884,6.163194185,0.215015974,4.117168049
32,0.024313961,1,15,4628,15.67807371,0.265452048,11.51350294,7.1421592,0.260023344,4.531271099
924,0.55352359,2,15,46,15.69108933,0.181718731,11.76858189,5.721713848,0.159340232,4.335886891
205,0.118246099,1,16,953,15.69913915,0.247543991,11.6929672,6.742194278,0.240017538,4.453148261
34,0.024869651,2,16,4809,15.7002992,0.241289543,11.66276593,6.712674519,0.226302806,4.30275667
986,0.585635791,7,8,1496,15.71081499,0.27865015,12.26401596,7.738553107,0.279138395,5.34858289
646,0.379488588,2,5,1991,15.71154302,0.308330009,12.27863513,5.737711706,0.201501653,3.694202782
588,0.34973715,10,10,1087,15.71428804,0.316967337,12.1403717,6.084542357,0.295522156,4.525768113
331,0.194474924,7,12,1440,15.71447775,0.315543854,11.34269823,5.787784448,0.259996296,4.086462334
276,0.162006631,3,14,551,15.72003066,0.270935177,11.59799107,6.822649311,0.272228058,4.094816919
937,0.5605037,8,7,157,15.72190037,0.278241853,11.30045694,5.47208124,0.197548705,3.785772995
794,0.471948621,7,9,4191,15.72215026,0.273013452,12.0848463,5.076530594,0.271348588,3.873966167
26,0.021425113,10,17,3845,15.72308416,0.201721199,11.98918566,6.119202864,0.206706386,4.119894372
132,0.084915421,2,14,1099,15.72319668,0.261057101,11.83626607,6.825823516,0.245606486,4.341559443
802,0.476920097,4,7,1371,15.72465326,0.251829712,12.77751191,5.920944571,0.247527557,4.555187665
520,0.300730039,7,10,4930,15.72882618,0.330759592,12.15664772,6.400303888,0.281668335,4.645743384
677,0.402248382,8,13,41,15.74666325,0.19643935,11.89111446,6.381466388,0.191335419,4.112181538
39,0.026793968,4,14,3528,15.76284044,0.260426124,11.6338994,6.924689199,0.269169758,4.264113429
157,0.096101821,4,11,2537,15.76808354,0.296715454,11.68601555,5.904316346,0.235747321,4.512579583
566,0.332660735,4,10,2357,15.77462144,0.320956529,12.31613545,6.4567416,0.293166669,5.115736557
356,0.207171858,5,13,248,15.7764192,0.256141914,11.80144561,7.084959346,0.279376771,4.273793692
319,0.188161134,6,11,2733,15.78804496,0.335120944,12.09459391,6.124929686,0.264279687,4.361977552
355,0.206936646,3,11,2132,15.79846112,0.298116824,12.02860931,5.631849483,0.251662601,4.422415925
28,0.021946872,5,15,4373,15.80166041,0.236874304,11.78292513,6.766372926,0.229577993,4.315229123
833,0.492840303,9,8,1552,15.80568824,0.265200693,12.35048178,5.960572622,0.191504171,5.049405064
510,0.291007378,2,8,1643,15.80838345,0.247240866,11.96995219,4.591405331,0.213201417,3.587351698
681,0.403431685,9,17,38,15.81080152,0.132588205,12.50364473,5.266182376,0.145316297,3.622177128
239,0.143811168,2,11,3217,15.8184689,0.298657066,11.87734468,5.652108537,0.22873067,4.355095492
840,0.49676462,7,7,80,15.83690889,0.266675617,12.26284583,6.568132167,0.229378887,4.78753197
66,0.037704148,5,16,3254,15.83801753,0.238388532,11.7686822,6.841481253,0.228148233,4.35571179
100,0.062197432,4,11,3936,15.84027642,0.304130173,11.84453901,6.10194573,0.25903401,4.5850381
789,0.468837373,6,10,1343,15.85086756,0.358267701,12.19205739,6.00250851,0.20854508,4.187026238
292,0.168491537,2,10,4612,15.85240193,0.315459838,12.16159356,5.534995797,0.245539284,4.073980579
366,0.212412771,6,10,2571,15.85591876,0.281894511,12.43504582,5.768738198,0.222639542,4.911302226
226,0.136340299,8,11,2999,15.8643894,0.31048542,11.90445814,5.704690916,0.239516531,4.421051344
211,0.12360459,2,15,992,15.86580314,0.258983434,11.82466769,6.966087196,0.244760176,4.305733975
105,0.065081656,3,14,1136,15.86581299,0.241167571,11.8428489,7.165242243,0.24900433,4.415707126
675,0.400053099,6,10,2588,15.86969395,0.399300149,12.08904055,6.376613153,0.264074204,4.790568269
825,0.488696281,4,6,3327,15.89925331,0.290618993,12.34165305,4.888561,0.245587065,3.694421245
148,0.089252607,8,12,3624,15.9159845,0.288097304,11.50591867,5.799085807,0.272026408,4.104659662
511,0.291490879,6,7,2655,15.95080638,0.245800585,12.0943828,5.963641836,0.257479935,4.282063854
277,0.162659554,8,10,4568,15.95607305,0.301529138,12.39157167,5.878001856,0.253010277,4.486984701
836,0.494053759,4,6,2195,15.95787227,0.248149419,12.36467238,5.538872665,0.236962262,3.783891479
765,0.453917172,2,7,4264,15.98519175,0.2698435,12.12170663,5.758779974,0.251993547,3.614718638
389,0.224654463,9,14,472,15.99697435,0.271097549,12.11651025,6.863770529,0.252917841,4.514227877
538,0.315196763,6,10,3660,15.99813371,0.264303096,12.42550099,5.438085655,0.216770513,4.54339143
701,0.413274081,3,10,683,15.99921161,0.262159714,12.47019823,5.193780657,0.20391621,4.444499968
169,0.098887567,8,17,1078,16.01137844,0.195833913,12.14966842,5.886407997,0.220163108,3.815797171
486,0.278996891,4,11,4191,16.02579134,0.283972474,12.64695925,5.264056194,0.218907915,4.100312042
77,0.050934383,5,14,2594,16.0659066,0.262351983,11.807979,6.960883295,0.257168826,4.224062944
740,0.442507754,7,9,4332,16.07003285,0.265896419,12.38287211,4.760513191,0.270074596,3.947603112
264,0.156892117,9,10,2963,16.07062512,0.268380494,12.36838568,5.343221195,0.234041336,4.069696109
151,0.091024043,1,16,2315,16.07621785,0.241856674,11.88717729,6.526575126,0.231906052,4.227839854
1000,0.599430775,4,10,2365,16.07895553,0.307882547,12.55741477,5.949583267,0.257917693,4.441098825
705,0.416178681,5,12,157,16.0820172,0.250674069,11.8631316,7.093915484,0.266049393,4.616023974
305,0.176724706,9,10,3206,16.09832892,0.287348622,12.15253903,5.844123782,0.251313552,4.463986969
820,0.485105902,6,9,1444,16.1108389,0.301869126,12.46329595,6.358481018,0.234659797,4.45734961
224,0.135856891,8,11,4692,16.12083166,0.301778859,12.41798502,5.759483707,0.235114478,4.838702828
156,0.094961835,9,15,1928,16.12797513,0.262402123,11.99617479,7.139984466,0.256775403,4.487320589
424,0.244976392,1,13,345,16.12922953,0.252364067,11.86805983,6.901616456,0.271744046,4.287023337
798,0.473843717,4,10,1124,16.14061978,0.278077023,12.79713953,6.207852723,0.292413039,5.305403277
146,0.088540315,6,16,1562,16.16368677,0.227563856,12.13057403,6.804972964,0.237154234,4.547861582
766,0.453987455,4,6,2397,16.16385246,0.234406025,12.93697004,5.397574943,0.22243403,4.310808719
853,0.501589139,6,12,716,16.16891053,0.369076967,12.60737223,7.139988463,0.25048967,4.528496659
894,0.5300706,4,6,1061,16.17543946,0.25411126,12.24676819,6.004432229,0.154970481,4.751646131
611,0.361393723,2,11,738,16.18064552,0.273374255,12.21698819,5.674303772,0.241637905,4.710640411
61,0.035971105,2,14,3800,16.18355447,0.263558555,12.14728802,7.133037014,0.264239139,4.224776905
564,0.332018426,6,13,271,16.19323213,0.264856094,11.98655769,6.689096757,0.255647733,3.859351448
104,0.064238731,2,16,2879,16.19651037,0.243493535,12.12967506,7.149721608,0.249205247,4.569180053
671,0.395164171,3,6,437,16.19668794,0.2302123,12.6613253,5.819236204,0.198598524,4.597829092
268,0.15868217,2,12,2679,16.20126712,0.304702259,11.96004195,5.93380972,0.272306716,4.466685405
613,0.362069963,2,10,3977,16.22491125,0.270438361,12.82964301,5.23189686,0.244470439,4.055847586
658,0.383697251,8,15,293,16.23097659,0.216657519,12.15965518,6.979699544,0.23814867,4.594509016
557,0.327248882,10,10,982,16.23161311,0.275885443,12.49383005,6.589245912,0.282395651,5.171782232
914,0.540957233,2,10,255,16.23900512,0.28690494,12.40102781,6.414544234,0.323037304,4.719671952
736,0.438725374,4,10,1869,16.25554754,0.338398845,12.76457632,6.67568385,0.260929865,5.140117806
472,0.269980199,8,11,2311,16.25569595,0.324326834,12.58362491,5.62797465,0.257431882,4.534540585
599,0.35599173,6,9,4415,16.25893379,0.261440391,12.44252999,5.698556693,0.209406624,4.280810572
91,0.057647219,6,13,1999,16.27379061,0.257581769,12.07837603,6.884708313,0.26504162,4.071370914
768,0.455659105,7,9,1861,16.27726535,0.226655775,12.27219058,4.586211257,0.177974936,3.551684911
560,0.328814204,2,12,897,16.27876826,0.286270353,12.0013006,7.1455777,0.264826468,5.362036309
695,0.409433665,7,12,903,16.27916085,0.315277737,12.27872421,7.008185782,0.334238976,4.992158589
604,0.358299911,4,15,526,16.27982524,0.284911755,12.2517263,7.436446521,0.261859052,5.222618899
173,0.101158827,3,14,1799,16.31227441,0.299117707,12.02919362,7.372199745,0.272503924,4.584174573
979,0.582699709,10,10,3796,16.32537683,0.329333666,12.75955988,6.37458177,0.238780283,4.870302749
310,0.179933816,2,11,4825,16.32851579,0.35009632,12.24093159,5.346988027,0.186530799,4.197281186
278,0.163282654,10,17,1144,16.34166746,0.217040821,12.03773253,6.226661231,0.238412304,4.156850451
390,0.224853628,4,11,1738,16.34406336,0.292720907,12.1515142,5.684048384,0.258216702,4.30905024
549,0.321546774,3,14,250,16.34493708,0.220168508,12.1629901,6.338322801,0.239091387,3.881006976
562,0.331022946,1,11,425,16.36995663,0.303613374,12.34738895,7.113269084,0.309743024,4.433954388
624,0.367764241,5,10,4338,16.37223752,0.334326664,12.85461593,6.371672419,0.239573288,4.937875448
872,0.512158188,5,11,1456,16.37483972,0.33688974,12.81439476,6.135939854,0.284582102,4.838082521
111,0.067594618,8,16,3720,16.39382987,0.257350969,12.313749,7.063578194,0.244015049,4.411357392
133,0.084971892,8,14,2659,16.3938624,0.287170719,12.1419941,6.936515019,0.257184394,4.153816984
440,0.25368429,6,12,2740,16.39677222,0.292869123,12.12310483,5.380830749,0.244613295,3.792204819
513,0.295351812,4,10,1190,16.42288464,0.318301663,12.46841791,6.664996499,0.234366944,5.566884073
776,0.463128023,6,11,533,16.42585976,0.28368936,12.77331623,5.184202376,0.230007804,3.721944588
904,0.535662231,3,9,67,16.44046477,0.247775814,12.87019436,7.343732466,0.272169578,4.862522798
972,0.579649282,8,6,1090,16.44645482,0.276676875,12.57470153,5.852402474,0.207748092,3.65316681
683,0.403965309,7,10,586,16.44821684,0.218462694,12.25173024,5.602605078,0.240734398,4.561435655
463,0.264422635,8,11,1958,16.48188485,0.274931215,12.4561161,5.442302171,0.241144849,4.034533078
642,0.377686525,3,14,345,16.48378015,0.239853718,12.14618905,7.610330329,0.292170962,4.733065019
530,0.307325998,3,11,1905,16.49462198,0.27900627,12.48732331,5.074786511,0.212521482,3.959144675
507,0.28928046,9,17,505,16.49925189,0.197495135,12.39459859,6.587080796,0.197292063,4.765671008
497,0.282846587,3,14,916,16.52772751,0.317462884,12.41653324,7.545834733,0.262882461,4.980109095
195,0.112254683,3,14,2471,16.53726175,0.301910113,12.22334929,6.999579997,0.255951089,4.442020848
82,0.053286168,5,14,4787,16.5551921,0.285501052,12.1734972,6.96290364,0.250720842,4.172037176
838,0.494949341,10,9,2695,16.55615049,0.252542874,12.68825269,5.531306405,0.254632864,3.983495922
247,0.148985026,7,16,1198,16.56023996,0.243324193,12.20960681,7.258135767,0.270620907,4.669631394
579,0.344816076,1,15,376,16.56234025,0.220758356,12.19940504,6.620133277,0.21874371,4.278470681
241,0.145271698,1,17,1195,16.5691098,0.192601537,12.64257064,6.427426432,0.205662748,4.441741327
735,0.43803919,10,11,844,16.57995357,0.288299521,12.54545495,6.633365628,0.264672706,4.824961645
240,0.144698886,5,13,1070,16.58063415,0.268905188,12.19665768,6.631254461,0.256715887,4.023282795
423,0.244205905,5,12,3546,16.61679737,0.331654263,12.43643048,5.767888494,0.244351707,3.851605786
281,0.163700511,1,5,4233,16.62921505,0.224179954,13.60269594,2.251878054,0.197103615,2.798025172
660,0.388243625,6,15,689,16.63090505,0.275123487,12.05117067,6.572826071,0.263064494,3.978506261
313,0.181737766,10,17,2847,16.63654511,0.270260012,12.32880767,7.287001709,0.309108897,5.151011235
360,0.209349028,7,16,2118,16.63914069,0.284664286,12.30480889,7.254474356,0.251966596,4.819560055
926,0.555115163,8,16,282,16.64428743,0.226845568,12.50324573,6.73973086,0.246824559,4.353744959
442,0.254056089,9,17,4543,16.64556574,0.29789437,12.3945009,7.437332813,0.267708767,5.182637413
80,0.052289992,10,14,4921,16.65621915,0.291857743,12.41757664,7.060842439,0.253114272,4.421416417
922,0.549352786,3,7,1564,16.66019506,0.239038008,12.7989042,6.464984668,0.230174632,4.468569033
797,0.4736462,10,5,3953,16.687029,0.181526282,13.55948317,5.635397009,0.160339302,3.90421804
733,0.437446119,1,7,751,16.69105874,0.293318116,12.97943493,4.420093585,0.253098657,3.326776378
911,0.540422873,9,13,285,16.69880562,0.283842271,12.16844896,7.067925532,0.248773468,4.422527037
987,0.586262013,9,5,524,16.70279429,0.256875111,13.46595262,5.422997662,0.203296188,4.193949612
895,0.530793734,4,14,116,16.70421715,0.196129978,12.54340261,6.755354714,0.204779006,4.153314442
458,0.262249148,1,13,785,16.70970368,0.26711574,12.45556957,6.478760452,0.229170315,3.678329974
858,0.504049693,6,8,4051,16.71847965,0.240673417,12.41116938,4.604822344,0.158781683,3.574733786
925,0.554393925,1,10,224,16.74012918,0.269078196,13.39177832,6.842408425,0.313023132,4.142889965
539,0.315267639,1,8,316,16.74894615,0.251755098,13.33369716,5.84470076,0.288122726,3.964218884
806,0.478380083,5,6,4488,16.75366424,0.235348758,13.00336439,6.109352935,0.235009962,4.083106099
120,0.072643413,6,14,4139,16.77291964,0.29674201,12.62468981,7.200040781,0.277517641,4.582944531
976,0.58184312,4,7,4268,16.77849391,0.235015894,13.4601407,5.431231857,0.196531682,3.788865251
425,0.245409004,5,14,818,16.79448875,0.292025731,12.50840213,7.272939725,0.266304737,4.550755142
382,0.219800463,1,15,1171,16.79657039,0.265346009,12.16669447,7.306951435,0.245258325,4.47751006
158,0.096684381,4,15,3343,16.80090314,0.279369809,12.33830984,7.061653006,0.226576069,4.621194842
572,0.338089607,5,11,4666,16.80552926,0.301489363,13.2107027,6.511270788,0.25789613,5.392782493
814,0.482183004,9,10,4357,16.80838167,0.253163112,12.87004514,5.636121006,0.236521011,4.422579969
399,0.228039339,2,12,2471,16.81108971,0.275466229,12.65999829,5.994394778,0.263590072,4.33284191
137,0.085588742,1,8,3332,16.81533458,0.297681651,13.28184949,5.038140097,0.295291381,3.833210662
554,0.32455259,9,11,3947,16.81534038,0.306079248,13.42705472,5.852790582,0.234238993,4.730521796
856,0.503327795,10,12,1316,16.81674509,0.27101951,12.41013672,6.592094626,0.266868594,4.712530806
807,0.478595276,7,7,85,16.81911468,0.228587905,12.81623366,6.176214066,0.258613205,4.129918667
881,0.517787334,9,14,141,16.81934504,0.240634606,11.95424754,7.321372535,0.265873652,4.535680857
630,0.370975366,7,11,1188,16.82057215,0.253230593,12.90535839,4.577910659,0.211962341,3.661274965
437,0.252183742,5,12,3081,16.83250005,0.29708686,13.16361918,5.055227641,0.238814185,3.655485178
122,0.073624855,1,8,2685,16.84490525,0.28417118,13.15353657,5.361929,0.294737878,3.700105619
170,0.098943992,6,17,3955,16.85470969,0.241384762,12.6578482,6.772909382,0.224998748,4.726081878
992,0.589863487,6,7,4170,16.87581357,0.252739657,13.55899111,5.58160994,0.26119456,3.882481364
952,0.568105197,8,12,1464,16.88312622,0.313437839,12.68850659,6.665347927,0.288226291,4.818290526
688,0.406009374,6,13,542,16.91110171,0.286584891,12.8264744,6.728432974,0.283309278,4.759340106
192,0.110778644,4,14,2411,16.92649401,0.277061787,12.69284878,6.445795329,0.23610563,3.952725613
939,0.562454844,6,11,4046,16.92650799,0.326891367,13.55509707,6.009702481,0.249234881,4.622355874
152,0.091925409,5,15,4626,16.93563917,0.294015807,12.54899825,6.700248986,0.232923505,4.19836912
127,0.079381013,4,17,4413,16.9529433,0.20456522,12.45506763,6.472667215,0.207384455,4.230081521
878,0.515934324,1,5,4368,16.95540569,0.235980923,14.16069688,2.328254717,0.204574122,2.957469764
185,0.106535857,2,15,4859,16.963903,0.335711501,12.54324548,7.499961269,0.259800257,5.052588039
810,0.480682072,8,11,1787,16.98148586,0.279771481,13.05224222,4.716594901,0.185472964,3.00416288
860,0.504702878,3,16,1085,17.00347339,0.281418631,12.70409012,6.833827116,0.221405018,4.246858682
176,0.103084118,1,9,2125,17.01061164,0.289902374,13.01490693,5.599268986,0.314375461,3.910579638
608,0.36049407,8,17,630,17.01531488,0.213456311,12.69854653,6.72333298,0.212190749,4.592775016
676,0.401585477,4,13,268,17.02244763,0.286612728,12.61271635,7.338232881,0.256493619,4.565240871
903,0.535079896,10,10,2239,17.02263051,0.295317571,13.59464366,5.484503182,0.254050751,4.366435702
582,0.345982996,1,5,1378,17.04342609,0.230237776,13.43484744,3.09386838,0.21066244,2.841327333
871,0.511784367,8,7,3293,17.06377196,0.204253314,13.15634249,5.648886783,0.160496912,3.432498661
951,0.567732212,4,17,567,17.06741224,0.248562282,12.96846027,6.517975319,0.278777558,4.20635089
184,0.106240306,6,14,4027,17.08413622,0.305627558,12.66116949,7.172914487,0.258821656,5.03932597
304,0.176682994,1,10,1662,17.08500158,0.332117199,13.36194119,6.423328996,0.32206758,4.398762156
400,0.228109139,1,15,1452,17.08515166,0.283542563,12.90316056,7.455970241,0.213733271,4.656810446
453,0.26033603,3,12,3272,17.08708828,0.303530967,13.00639721,5.473937543,0.233609859,4.05771666
87,0.056521537,7,13,4910,17.08814369,0.304545153,12.83203255,7.109998813,0.284258918,4.609860241
206,0.11834831,4,15,3888,17.10746016,0.290024943,12.5133237,7.196973329,0.256779129,4.799695315
353,0.20676411,3,17,2627,17.11411862,0.236940993,12.92481044,7.213234321,0.226547507,5.02775313
311,0.18047939,1,6,3797,17.12869291,0.257807744,14.34969806,3.451052001,0.232517504,3.137821968
813,0.481968061,10,11,1302,17.12895072,0.285845484,12.84859707,6.140223632,0.216691536,4.666682359
847,0.499123162,8,10,866,17.13634328,0.208907078,13.48102926,6.243371086,0.232212521,4.874720336
942,0.564646496,4,17,822,17.15202343,0.252090034,12.28818682,6.66026114,0.259719478,3.927519798
339,0.198520079,3,17,3351,17.15332682,0.234817866,12.70726816,6.736978908,0.230738972,4.371291061
129,0.082454287,9,14,4834,17.15390403,0.292788661,12.71509155,6.670643138,0.229628057,4.549250885
248,0.149148867,4,17,2655,17.17039332,0.23866948,12.68321389,6.895491906,0.24392643,4.733915275
647,0.379745432,2,17,1783,17.18492291,0.221848412,13.13560138,6.625853595,0.227996898,4.407075359
285,0.165943341,1,16,4162,17.20170391,0.301148568,12.58158058,7.365365599,0.236854585,5.096744724
598,0.35573151,10,15,1206,17.25385918,0.27109116,12.81278065,6.556151879,0.204549118,4.580470986
552,0.323222104,9,15,1605,17.26885711,0.296887275,12.96481737,6.902744056,0.245980496,4.511150856
777,0.463395707,2,10,2314,17.27239221,0.214788543,13.28273022,4.469005802,0.216076438,3.30224302
917,0.54353999,2,11,4880,17.27866551,0.339432899,13.56257686,6.933979809,0.232664873,5.466656254
821,0.486795265,9,12,1263,17.29090967,0.247416391,13.2302816,5.469661353,0.246337897,4.635469192
941,0.563384098,5,10,3076,17.30293583,0.238760478,13.61687528,6.210644422,0.271029946,4.887471205
957,0.573445742,4,11,3716,17.34087681,0.266406862,13.50398472,4.633903792,0.166256477,3.379178071
936,0.559356616,3,11,2249,17.34980246,0.242524576,14.20970352,5.636197789,0.275710196,4.523685623
905,0.535757914,1,9,696,17.37973461,0.305672105,13.82159949,4.872665859,0.285607905,3.532938959
380,0.218253088,7,17,3948,17.380744,0.274752425,13.10278017,6.800180768,0.232521352,4.821816661
625,0.368769692,4,17,3377,17.39828471,0.310039182,12.99631689,7.772216679,0.24481726,5.650946948
585,0.347692042,1,9,1024,17.41035987,0.322148939,13.55278149,5.851143566,0.316906189,4.242822607
460,0.262363626,3,14,1545,17.41509673,0.29567308,13.10961437,7.018875978,0.251823035,4.631929744
434,0.25154199,4,16,3349,17.42752466,0.29162126,12.91097766,6.992451177,0.253189185,4.417164762
259,0.153547485,7,17,4376,17.43644733,0.233393843,13.11666764,6.838399494,0.249199243,4.829683692
819,0.484594089,2,11,664,17.43821309,0.261200922,13.76696799,5.709057428,0.220641165,4.354030004
732,0.437324604,5,10,4274,17.4462404,0.260179982,13.08514754,5.352224094,0.190073882,4.184681849
299,0.172176496,10,16,4656,17.45483802,0.305593837,13.10541873,7.407162948,0.234632489,5.179785204
756,0.451638141,9,11,4732,17.46313274,0.267666287,14.00901904,6.375625128,0.184964106,5.204490481
719,0.424819961,3,12,2610,17.46428102,0.282105714,13.59586519,4.651583845,0.218550075,3.812898907
970,0.579106482,3,17,1083,17.47316412,0.265184658,13.76738057,7.119668622,0.237056342,5.548867963
378,0.217966263,1,7,4894,17.47825923,0.264830374,14.38465797,3.650667497,0.259607115,3.353765909
298,0.171918015,1,7,3704,17.48241713,0.254265369,14.46063217,3.680486356,0.263415088,3.423107056
989,0.586932986,2,16,709,17.5054332,0.265756899,13.4769099,6.916133299,0.218665129,4.183473143
368,0.213156931,10,16,4527,17.53934387,0.319887555,13.24465139,7.77304112,0.288489864,5.402652488
323,0.190063948,4,15,4357,17.54148348,0.341671938,13.31097083,8.119334034,0.295216458,5.92659055
823,0.487823923,5,10,3709,17.55343857,0.266800866,13.47049522,5.552039214,0.201342272,4.066014955
600,0.357340679,3,14,1394,17.56737491,0.282569463,13.10384546,7.158272371,0.255153025,5.067965222
514,0.295609164,10,15,2711,17.57787132,0.334949894,13.19232192,7.911066832,0.276452345,5.523211192
803,0.47770147,1,6,701,17.58131976,0.217543611,13.85570846,4.102829717,0.242491075,3.899533241
491,0.280696581,2,12,1938,17.58542705,0.254983958,13.30602611,5.353959219,0.241768375,4.055027735
885,0.522363659,1,14,533,17.58907901,0.222074607,12.54845991,6.307280343,0.206671059,3.657759906
166,0.097828173,8,13,4382,17.6120769,0.29819472,13.28107891,7.124329231,0.265498304,5.153687053
902,0.53471247,7,11,1961,17.65345959,0.297394679,13.61293938,4.79238538,0.216695717,3.322091412
270,0.159127115,4,15,4101,17.66643513,0.324752483,13.34949109,7.743972756,0.270937485,5.348462881
474,0.270425331,3,15,2171,17.6739819,0.329248555,13.42586119,6.750877669,0.241802897,4.676558511
396,0.2263696,5,15,3672,17.69356878,0.327677185,13.03597221,7.7506908,0.30126611,5.400881807
815,0.482699,4,11,3017,17.6953615,0.289450006,14.10213392,6.178028671,0.25320451,5.146256021
466,0.266313499,2,12,2163,17.69584113,0.301305082,13.26365408,5.957378154,0.249962956,4.487564236
470,0.268852247,8,16,4203,17.69856663,0.332671033,13.32941369,7.410454118,0.252757942,5.241214425
522,0.301483039,5,16,2144,17.70221755,0.267202339,13.40733024,7.483858412,0.226899805,4.552181905
949,0.56703207,6,6,919,17.70249608,0.236045669,13.49797371,7.210977403,0.200715823,4.544544798
960,0.576273364,7,14,511,17.70542971,0.297566353,13.45716847,7.306373369,0.228609573,4.932101503
542,0.317100817,10,15,1882,17.71129049,0.324007283,13.55892923,7.849350368,0.28399658,5.824612785
720,0.424845944,9,16,1758,17.72692598,0.280135055,12.99823597,7.313766099,0.225581019,5.062939387
880,0.516623523,6,17,885,17.73985011,0.267394843,13.50998698,7.363226528,0.257801057,5.418433584
413,0.236409219,3,15,3068,17.75466879,0.326115179,13.08306322,7.783034315,0.284011241,5.325053807
587,0.349637459,1,16,2234,17.76398811,0.287252328,13.17019458,7.572878972,0.274181446,5.322645054
707,0.416715109,3,15,1739,17.78020355,0.328530599,13.49505865,6.914829135,0.23882292,4.661070473
714,0.421413444,1,13,1096,17.78714925,0.34350978,13.17205122,7.767858786,0.296630012,5.497013453
381,0.218392859,1,7,4111,17.79926887,0.246368336,14.64415013,3.367719479,0.2584553,3.147901405
523,0.301699114,10,17,3061,17.80595569,0.283606529,13.33634663,7.117912467,0.254420616,5.16861308
933,0.558615212,5,16,1364,17.81479548,0.253013894,13.35880716,6.456074455,0.253072638,4.518978989
441,0.253978165,5,16,4014,17.85793519,0.313698863,13.2093143,7.642883099,0.25249356,5.599882162
335,0.196643866,8,13,1781,17.86482269,0.28395349,13.29663181,6.744083236,0.243222489,4.895918849
769,0.45636862,1,6,3984,17.87347701,0.235973092,14.62821199,3.230872579,0.23656295,3.059825176
774,0.461418713,9,11,3525,17.89276183,0.245070362,13.59359258,5.370533109,0.191834857,3.845429093
638,0.375964525,1,6,3009,17.91606391,0.257176615,14.7922487,3.058443857,0.269038934,2.783902612
397,0.226974317,9,13,2071,17.93381646,0.306044798,13.39658936,7.26465227,0.260004066,5.494872816
447,0.257155154,5,16,3556,17.93747701,0.280584523,13.43803036,7.284658798,0.22758375,5.05898793
488,0.279988434,8,17,3348,17.94750494,0.262503577,13.30103535,6.836231516,0.253549813,5.000239262
385,0.221722119,10,15,3171,17.96755829,0.302487279,13.37308293,6.832055234,0.211801277,4.918928349
348,0.202390567,8,16,4122,17.97358863,0.271868236,13.50052448,7.215070681,0.250897766,4.894585482
873,0.51274231,1,7,3732,17.9741626,0.25692935,14.89766501,4.029186968,0.264242822,3.782164986
342,0.200828233,8,14,2775,17.99825626,0.31146133,13.38443183,7.058152213,0.241253739,5.079460153
743,0.444926832,1,17,967,18.02532202,0.215755662,13.52530182,6.858915752,0.228281301,4.510542329
621,0.367329666,4,17,2437,18.02752072,0.264911524,13.63964706,7.621995566,0.244420984,5.441415677
337,0.197622951,1,14,3880,18.04462989,0.336019424,13.62997253,8.261381914,0.271926709,6.013133123
948,0.566781775,9,9,4669,18.06098747,0.248371686,14.60192205,6.132537219,0.264326119,4.940417187
361,0.209601747,2,17,2888,18.06452614,0.234187244,13.34608993,7.069921528,0.233726369,4.549935022
577,0.343094499,2,14,1621,18.07169553,0.341066248,13.28181934,8.286923427,0.263438485,5.806591131
405,0.23082888,9,15,4302,18.08552395,0.318832616,13.70165057,7.936181752,0.26912955,5.342210131
512,0.293118684,5,16,4235,18.12698436,0.31093089,13.52682873,7.701677528,0.267216535,5.443853939
718,0.42466769,1,7,4568,18.14156829,0.245154999,15.35586647,2.970062967,0.249787882,3.031731284
580,0.345260593,9,15,3581,18.14283763,0.337310295,13.24006177,8.246450318,0.277222691,5.712406016
648,0.380099575,5,15,2216,18.16784871,0.368307045,13.61563845,7.797240226,0.270203825,5.528782577
975,0.581112935,5,17,3121,18.20202288,0.3196843,13.59573668,7.433056118,0.2825756,5.365828354
901,0.534700639,8,12,3260,18.21154449,0.282237038,13.818042,4.612762548,0.217344494,3.674024972
482,0.274660868,9,12,4523,18.26419679,0.286699252,14.08877111,5.064406686,0.200895499,3.477258151
471,0.26900369,7,14,2763,18.26698679,0.336197107,13.71543469,7.855787433,0.272490652,5.309593835
697,0.410340725,4,17,3574,18.30983122,0.205360279,13.73593077,6.501193486,0.207700182,4.197326234
710,0.418248839,1,17,2671,18.33812074,0.268575217,13.75808214,7.527462801,0.238040696,5.178198726
691,0.406768364,7,12,4550,18.35198552,0.236358576,13.92705278,4.723811821,0.214272733,3.579527068
398,0.227248883,4,14,2825,18.36912204,0.306501578,13.51315103,7.761321109,0.259208703,5.442340231
649,0.38018353,10,17,3605,18.37329775,0.274923359,13.68706625,6.515591975,0.197857668,4.830660413
826,0.489153809,3,16,2848,18.39807633,0.344732522,13.55486156,7.813536953,0.283239319,5.437768682
680,0.403152446,6,12,4667,18.41000839,0.281490691,13.99100515,5.665329359,0.205784464,3.974341533
550,0.321716831,1,12,1583,18.41580127,0.312655914,13.93849654,7.362029247,0.286340254,5.122321808
929,0.557789765,10,16,1944,18.42662934,0.31900374,13.9170853,7.463198599,0.285267904,5.205303871
492,0.280898138,1,13,2283,18.50167699,0.368589497,14.22379309,8.355321021,0.320210818,6.274688132
218,0.131908659,8,14,4755,18.52612203,0.299953284,13.81558504,7.645573254,0.243923665,5.557304059
689,0.40628214,8,12,4651,18.57105069,0.264103718,14.84468224,5.834751369,0.241632658,5.076431845
606,0.360129901,1,15,3283,18.64809258,0.331211243,13.89590729,8.661575023,0.302948914,6.125722029
506,0.288704631,4,13,2283,18.65967148,0.29915515,13.99491116,7.267182997,0.264537475,5.558496728
426,0.245833624,10,17,4795,18.669779,0.23857924,13.82288481,6.708197138,0.220097395,4.790500768
528,0.305840262,3,14,1869,18.69303974,0.308757533,14.21246864,6.801997014,0.248493446,4.636950048
841,0.497178589,6,17,4599,18.69688146,0.339724633,13.73365199,7.920571591,0.281458529,5.248999522
696,0.409623537,6,12,4892,18.7107555,0.272547872,14.33955003,5.548760512,0.227561835,4.275220062
742,0.444243604,9,11,4165,18.72843296,0.22365875,14.70132342,5.658308517,0.21505471,4.933857802
297,0.171444512,6,13,4344,18.73679534,0.342794867,14.36288589,7.804559892,0.282264187,5.694834161
508,0.290515128,2,16,4046,18.7404348,0.277707534,14.09392118,7.099224665,0.239507636,5.060424594
411,0.235712225,4,14,4490,18.74731627,0.336073583,14.14927637,8.188238299,0.281792856,6.167766323
622,0.36754828,1,10,4894,18.77452908,0.401415361,15.38284801,7.947498447,0.318431703,6.789602259
711,0.419660943,9,14,1914,18.77523736,0.338047912,14.38142127,8.156541581,0.304615405,6.225012885
780,0.464372045,7,14,2711,18.7808491,0.361503091,14.01935948,9.299124447,0.311558195,7.037120994
301,0.173545558,1,13,3996,18.78363803,0.338101401,14.48752911,7.968729925,0.278663926,5.739217568
394,0.225945912,6,14,3863,18.84047089,0.307163518,13.88703981,7.816754944,0.259563526,5.565744521
702,0.413690431,2,15,2694,18.85916373,0.326934916,13.74158823,7.68314909,0.26477539,5.644274687
755,0.451612093,7,14,2117,18.8985783,0.296476429,14.40920823,7.710840762,0.274878739,5.330972587
524,0.302892672,1,15,4779,18.93230956,0.303244625,14.01835481,7.973754297,0.241408869,5.500384636
527,0.305796167,10,16,4545,18.94079978,0.279890978,13.96879988,7.95850816,0.214143699,5.646335771
214,0.129192691,3,13,4411,18.9982119,0.28772797,14.38715385,7.154998156,0.240986961,5.112176984
459,0.262316961,6,14,3702,19.01219566,0.315385903,14.07961491,7.91584351,0.259077802,5.494184027
419,0.241061106,8,13,2525,19.02161224,0.296943968,14.58698199,7.982607672,0.255224089,6.062802664
652,0.381891844,1,7,4365,19.0229005,0.20723976,16.00985775,4.136445881,0.240337417,3.46392851
968,0.578305096,1,15,2130,19.08113449,0.33977585,14.56606698,8.514813333,0.295266026,6.399731007
483,0.277367128,6,14,3320,19.20819662,0.302853037,14.40627273,8.255603377,0.252256754,6.097508183
667,0.391696079,8,16,4950,19.22707209,0.278786274,14.47894716,7.395170182,0.253681778,5.081469473
775,0.46159729,2,17,3501,19.24485212,0.23858119,13.93920299,6.752658521,0.187872371,4.659631674
892,0.526996265,9,15,2765,19.24785237,0.335598386,15.06562946,8.901489163,0.300281993,6.659065474
712,0.420719638,6,16,4727,19.29271157,0.30361527,14.52373793,6.980372147,0.218918103,4.879748065
757,0.452732652,8,15,3248,19.35966101,0.293850053,14.18134433,7.426793286,0.256161877,5.82510008
961,0.576382454,5,15,1801,19.36004528,0.275104133,14.39077506,6.704608768,0.188824423,5.265844523
738,0.440924399,2,14,1992,19.39770224,0.320920149,14.70709825,8.280197808,0.260890787,5.630262618
953,0.570683103,3,11,2568,19.47337152,0.215615091,15.22255757,5.974061419,0.253401984,4.894478141
724,0.430192835,8,12,4129,19.53978931,0.239170127,14.93097634,5.401465414,0.203918717,4.047128457
908,0.538276714,8,14,1777,19.56226225,0.317333684,15.33402855,8.939715391,0.294909116,7.236795812
744,0.444936608,3,16,4866,19.61756702,0.33463942,14.54272256,8.381065596,0.267485553,5.73768026
915,0.542145707,1,10,2501,19.61850615,0.385831775,15.82239274,7.764366977,0.325118573,6.573368441
651,0.380700071,9,16,4980,19.6602436,0.293557865,14.60571592,8.266015388,0.233090151,5.53725494
907,0.537350232,7,13,1789,19.66318343,0.310114308,15.12183432,8.055227099,0.271283066,6.169433179
958,0.573503299,8,15,1719,19.67129121,0.315473281,14.95197198,8.579359717,0.268685914,6.649140628
617,0.362818931,3,15,4128,19.68129557,0.310389242,14.89441881,7.709722443,0.253122121,5.658357212
980,0.582923752,9,16,2981,19.69769763,0.362819335,14.79809604,10.3223904,0.266898115,7.351751054
921,0.547237862,9,13,1023,19.70106744,0.294857187,14.79027749,7.177953652,0.241228095,5.308259016
913,0.540663363,3,16,4075,19.82527176,0.299282875,14.99140817,8.486868966,0.203377005,6.166977845
982,0.584240383,4,16,4862,19.92610803,0.329001312,14.74667176,8.727958563,0.259982685,6.401051036
461,0.262990784,6,13,3716,19.93360477,0.276366477,15.31160247,7.635326318,0.244658874,5.737457954
607,0.360159754,2,13,2166,20.0134353,0.303317682,15.44588894,8.446048462,0.280516073,6.323325153
559,0.328580795,1,13,3904,20.0795286,0.311047192,14.82518775,8.623601303,0.23621879,6.447175002
708,0.416826744,8,15,3565,20.14499682,0.316241714,15.33189662,8.987106102,0.283214177,6.355948877
993,0.592229538,2,17,4701,20.20598066,0.271678209,14.82968826,8.631034041,0.212164812,5.97172404
584,0.34678242,4,13,2402,20.25218864,0.297207777,15.36857933,7.94931085,0.253841887,5.798407242
882,0.517912432,10,14,2284,20.29984279,0.286817934,15.38660409,7.585002364,0.248535058,5.46486454
526,0.304250451,4,14,4370,20.34956095,0.282080122,14.91489745,8.038571452,0.248715356,6.114354797
997,0.597955769,9,16,3085,20.5366819,0.293791503,15.46232143,8.2003441,0.24233672,5.352327001
615,0.362513822,4,13,3729,20.62806229,0.305659679,15.81811368,8.419905939,0.265134853,6.194837882
846,0.498198578,8,13,2615,20.66075398,0.294004935,15.75294787,7.921191229,0.256655909,6.431846563
760,0.453301038,3,17,4745,20.7169356,0.234717936,15.3048868,7.982206595,0.218003676,5.42207894
959,0.576231905,5,16,3779,20.76034609,0.288025833,15.90533662,9.24202592,0.252692715,7.120957827
808,0.479269564,3,14,3341,20.85052746,0.273560632,15.63193488,8.272625941,0.258348952,6.391115123
998,0.598746427,9,15,3937,20.89405788,0.323257297,15.56953496,9.808366208,0.253095724,7.122677989
923,0.55310311,1,11,2390,20.91962001,0.314016461,16.61454773,6.58878261,0.222184633,5.21887025
544,0.317765409,1,13,4858,20.99939641,0.260107327,15.92334224,7.411529838,0.214659279,5.215744783
867,0.509843795,9,15,3946,21.03507236,0.259919102,15.90247034,7.277538116,0.205950614,5.603211448
890,0.523864292,1,11,4106,21.3654393,0.24779188,16.96657349,6.332700278,0.229906657,4.659219626
715,0.422516901,2,13,3904,21.42843119,0.26689352,16.26460709,8.391408236,0.21405296,6.330874951
983,0.584767638,3,16,3486,21.45159864,0.286176278,15.356033,7.930089814,0.255625115,5.661311432
916,0.542758152,1,13,2871,21.53316549,0.241047324,16.46628705,7.771170535,0.211017107,5.92761418
971,0.579382221,9,15,4064,21.60911751,0.297477722,16.32278957,8.481750387,0.241104895,6.853053445
754,0.45044143,10,14,4104,21.69990868,0.252013575,16.12704262,7.954832999,0.22243732,6.230854722
886,0.522582413,8,14,2613,21.88815723,0.236592877,16.70834706,8.156578431,0.175688338,6.520081558
759,0.452873058,3,13,3426,22.20017452,0.244866381,16.941099,7.719636774,0.213793235,6.317728257
891,0.524173589,2,14,4313,22.21086711,0.256229237,16.83158263,9.515797538,0.187530811,7.298152165
887,0.522599393,9,13,4113,22.41990773,0.220546421,17.10462327,8.129840901,0.22674689,6.062130233
990,0.588395932,10,13,3683,22.46575372,0.257259537,16.73266058,7.867933113,0.22564696,5.941834438
934,0.558780923,3,13,4527,22.71220532,0.296544117,17.653402,8.342870382,0.282639262,6.543830042
818,0.484427941,3,13,4810,22.74681097,0.251672246,16.99600606,8.26035226,0.210907092,5.566621527
996,0.595838504,2,14,4064,23.75245861,0.216067185,18.23070152,7.436011153,0.170914485,5.751836159
935,0.559316095,7,13,4397,23.87128847,0.236212244,18.13471581,7.099624526,0.215240796,5.53117851
984,0.585526652,6,13,4528,24.84993051,0.201706892,19.1109156,7.724677309,0.18765574,5.90307418
233,0.140762783,9,22,4,NA,NA,NA,NA,NA,NA
877,0.514643131,10,19,10,NA,NA,NA,NA,NA,NA
889,0.523551652,4,25,24,NA,NA,NA,NA,NA,NA
112,0.067874009,8,20,32,NA,NA,NA,NA,NA,NA
496,0.282667442,9,23,42,NA,NA,NA,NA,NA,NA
318,0.187710833,8,22,65,NA,NA,NA,NA,NA,NA
349,0.202866257,5,19,98,NA,NA,NA,NA,NA,NA
49,0.030656222,2,25,100,NA,NA,NA,NA,NA,NA
943,0.564989613,5,18,100,NA,NA,NA,NA,NA,NA
414,0.236741067,5,19,112,NA,NA,NA,NA,NA,NA
612,0.361470422,3,18,122,NA,NA,NA,NA,NA,NA
101,0.062836077,1,22,176,NA,NA,NA,NA,NA,NA
532,0.309182766,7,20,213,NA,NA,NA,NA,NA,NA
336,0.197428803,5,18,220,NA,NA,NA,NA,NA,NA
194,0.111602703,3,25,240,NA,NA,NA,NA,NA,NA
640,0.377084446,4,20,247,NA,NA,NA,NA,NA,NA
770,0.457857042,7,23,251,NA,NA,NA,NA,NA,NA
371,0.215755163,3,25,256,NA,NA,NA,NA,NA,NA
703,0.41525815,4,24,261,NA,NA,NA,NA,NA,NA
427,0.247123572,5,22,274,NA,NA,NA,NA,NA,NA
590,0.352013381,3,23,279,NA,NA,NA,NA,NA,NA
727,0.433430967,10,21,314,NA,NA,NA,NA,NA,NA
403,0.229506017,6,19,317,NA,NA,NA,NA,NA,NA
464,0.266253115,10,23,323,NA,NA,NA,NA,NA,NA
674,0.400020657,3,23,328,NA,NA,NA,NA,NA,NA
786,0.46644344,3,25,332,NA,NA,NA,NA,NA,NA
352,0.205652672,2,23,341,NA,NA,NA,NA,NA,NA
888,0.523033305,3,21,419,NA,NA,NA,NA,NA,NA
725,0.430529239,8,25,419,NA,NA,NA,NA,NA,NA
851,0.501054663,8,25,471,NA,NA,NA,NA,NA,NA
663,0.389192135,6,24,523,NA,NA,NA,NA,NA,NA
135,0.085391851,7,24,535,NA,NA,NA,NA,NA,NA
321,0.189218388,9,19,541,NA,NA,NA,NA,NA,NA
834,0.493046556,1,18,544,NA,NA,NA,NA,NA,NA
280,0.163663359,8,25,551,NA,NA,NA,NA,NA,NA
690,0.406759673,8,24,557,NA,NA,NA,NA,NA,NA
709,0.417474665,10,25,562,NA,NA,NA,NA,NA,NA
988,0.58638093,7,22,563,NA,NA,NA,NA,NA,NA
160,0.097086857,6,19,567,NA,NA,NA,NA,NA,NA
358,0.207985305,9,20,578,NA,NA,NA,NA,NA,NA
31,0.024264127,6,25,583,NA,NA,NA,NA,NA,NA
189,0.108258637,4,21,596,NA,NA,NA,NA,NA,NA
845,0.497762586,5,25,608,NA,NA,NA,NA,NA,NA
716,0.424557607,4,19,611,NA,NA,NA,NA,NA,NA
505,0.287994175,3,22,634,NA,NA,NA,NA,NA,NA
106,0.065385157,4,25,660,NA,NA,NA,NA,NA,NA
279,0.16342919,2,20,667,NA,NA,NA,NA,NA,NA
767,0.454388415,10,22,676,NA,NA,NA,NA,NA,NA
258,0.153202043,5,23,681,NA,NA,NA,NA,NA,NA
210,0.121345848,8,24,699,NA,NA,NA,NA,NA,NA
499,0.28334761,10,18,712,NA,NA,NA,NA,NA,NA
149,0.090476303,9,19,736,NA,NA,NA,NA,NA,NA
212,0.128306671,9,18,752,NA,NA,NA,NA,NA,NA
978,0.582215134,2,20,787,NA,NA,NA,NA,NA,NA
109,0.066585279,2,24,788,NA,NA,NA,NA,NA,NA
875,0.513400246,8,23,805,NA,NA,NA,NA,NA,NA
728,0.435915224,5,18,808,NA,NA,NA,NA,NA,NA
795,0.472249141,2,19,812,NA,NA,NA,NA,NA,NA
563,0.331144015,1,20,822,NA,NA,NA,NA,NA,NA
237,0.143391085,10,18,824,NA,NA,NA,NA,NA,NA
857,0.503904417,7,25,825,NA,NA,NA,NA,NA,NA
274,0.160893188,7,19,840,NA,NA,NA,NA,NA,NA
912,0.540434605,4,18,856,NA,NA,NA,NA,NA,NA
536,0.312989852,10,23,857,NA,NA,NA,NA,NA,NA
631,0.371154724,8,21,858,NA,NA,NA,NA,NA,NA
583,0.346092465,9,18,878,NA,NA,NA,NA,NA,NA
645,0.379345488,4,22,884,NA,NA,NA,NA,NA,NA
828,0.49012259,4,19,903,NA,NA,NA,NA,NA,NA
316,0.185747834,10,23,923,NA,NA,NA,NA,NA,NA
540,0.315390836,8,22,927,NA,NA,NA,NA,NA,NA
805,0.478371006,2,23,961,NA,NA,NA,NA,NA,NA
167,0.098468875,4,23,973,NA,NA,NA,NA,NA,NA
852,0.501057611,8,22,1012,NA,NA,NA,NA,NA,NA
435,0.251944593,10,25,1030,NA,NA,NA,NA,NA,NA
699,0.412318224,9,18,1037,NA,NA,NA,NA,NA,NA
704,0.415935637,9,23,1048,NA,NA,NA,NA,NA,NA
196,0.112366766,4,22,1054,NA,NA,NA,NA,NA,NA
632,0.372298095,2,21,1060,NA,NA,NA,NA,NA,NA
855,0.502797855,10,20,1080,NA,NA,NA,NA,NA,NA
947,0.56615148,10,24,1116,NA,NA,NA,NA,NA,NA
47,0.029269224,7,20,1123,NA,NA,NA,NA,NA,NA
144,0.087669668,10,24,1130,NA,NA,NA,NA,NA,NA
246,0.147283777,1,19,1134,NA,NA,NA,NA,NA,NA
876,0.513660828,1,23,1137,NA,NA,NA,NA,NA,NA
793,0.471478979,7,20,1165,NA,NA,NA,NA,NA,NA
386,0.223174988,2,18,1167,NA,NA,NA,NA,NA,NA
330,0.194229447,6,22,1168,NA,NA,NA,NA,NA,NA
215,0.129559209,1,25,1187,NA,NA,NA,NA,NA,NA
863,0.508461424,3,19,1196,NA,NA,NA,NA,NA,NA
327,0.19232456,1,24,1212,NA,NA,NA,NA,NA,NA
209,0.120802265,9,24,1224,NA,NA,NA,NA,NA,NA
376,0.217041202,10,20,1232,NA,NA,NA,NA,NA,NA
429,0.247986421,2,25,1235,NA,NA,NA,NA,NA,NA
999,0.599257274,10,20,1237,NA,NA,NA,NA,NA,NA
346,0.202168117,5,23,1267,NA,NA,NA,NA,NA,NA
556,0.327153448,5,23,1267,NA,NA,NA,NA,NA,NA
950,0.567375191,1,22,1268,NA,NA,NA,NA,NA,NA
354,0.206928445,5,24,1299,NA,NA,NA,NA,NA,NA
478,0.272836648,10,22,1299,NA,NA,NA,NA,NA,NA
501,0.285474862,5,25,1303,NA,NA,NA,NA,NA,NA
493,0.281296122,7,24,1332,NA,NA,NA,NA,NA,NA
155,0.094295872,1,23,1344,NA,NA,NA,NA,NA,NA
816,0.484135311,6,21,1349,NA,NA,NA,NA,NA,NA
38,0.026426039,8,18,1373,NA,NA,NA,NA,NA,NA
784,0.465818466,6,25,1385,NA,NA,NA,NA,NA,NA
721,0.425658426,6,19,1390,NA,NA,NA,NA,NA,NA
136,0.085410103,10,19,1390,NA,NA,NA,NA,NA,NA
831,0.491968436,9,22,1395,NA,NA,NA,NA,NA,NA
682,0.403694745,7,18,1398,NA,NA,NA,NA,NA,NA
341,0.200498939,4,18,1403,NA,NA,NA,NA,NA,NA
931,0.5580657,1,19,1436,NA,NA,NA,NA,NA,NA
782,0.46497105,3,22,1490,NA,NA,NA,NA,NA,NA
974,0.580905878,6,25,1507,NA,NA,NA,NA,NA,NA
879,0.516313816,6,23,1515,NA,NA,NA,NA,NA,NA
849,0.499966959,8,20,1515,NA,NA,NA,NA,NA,NA
430,0.248331477,1,18,1516,NA,NA,NA,NA,NA,NA
521,0.301111684,3,22,1522,NA,NA,NA,NA,NA,NA
843,0.497525944,4,18,1584,NA,NA,NA,NA,NA,NA
830,0.49177797,2,18,1588,NA,NA,NA,NA,NA,NA
655,0.382763957,3,19,1594,NA,NA,NA,NA,NA,NA
541,0.316158476,1,18,1641,NA,NA,NA,NA,NA,NA
255,0.151670035,7,24,1650,NA,NA,NA,NA,NA,NA
375,0.217023411,2,18,1668,NA,NA,NA,NA,NA,NA
83,0.053716061,8,20,1671,NA,NA,NA,NA,NA,NA
473,0.270125689,10,20,1672,NA,NA,NA,NA,NA,NA
762,0.45353938,5,24,1740,NA,NA,NA,NA,NA,NA
864,0.508814432,9,25,1745,NA,NA,NA,NA,NA,NA
359,0.20922259,7,18,1753,NA,NA,NA,NA,NA,NA
822,0.48708214,1,21,1767,NA,NA,NA,NA,NA,NA
809,0.480490781,6,21,1786,NA,NA,NA,NA,NA,NA
969,0.57839868,6,18,1792,NA,NA,NA,NA,NA,NA
94,0.058618052,3,23,1798,NA,NA,NA,NA,NA,NA
46,0.029192392,9,25,1809,NA,NA,NA,NA,NA,NA
666,0.391107478,5,22,1812,NA,NA,NA,NA,NA,NA
244,0.146469576,1,22,1828,NA,NA,NA,NA,NA,NA
672,0.39535982,10,22,1834,NA,NA,NA,NA,NA,NA
991,0.588524023,9,20,1841,NA,NA,NA,NA,NA,NA
829,0.49143471,6,22,1851,NA,NA,NA,NA,NA,NA
603,0.358103643,1,25,1876,NA,NA,NA,NA,NA,NA
306,0.17802453,9,19,1880,NA,NA,NA,NA,NA,NA
897,0.531107112,1,22,1881,NA,NA,NA,NA,NA,NA
788,0.468662384,5,19,1888,NA,NA,NA,NA,NA,NA
315,0.183491295,4,25,1891,NA,NA,NA,NA,NA,NA
444,0.254509249,3,19,1905,NA,NA,NA,NA,NA,NA
673,0.399024551,1,24,1912,NA,NA,NA,NA,NA,NA
995,0.59543403,3,21,1921,NA,NA,NA,NA,NA,NA
373,0.216438196,6,23,1921,NA,NA,NA,NA,NA,NA
928,0.556240042,2,25,1933,NA,NA,NA,NA,NA,NA
216,0.129927603,4,21,1940,NA,NA,NA,NA,NA,NA
637,0.375804084,5,21,1973,NA,NA,NA,NA,NA,NA
72,0.044577913,3,18,1982,NA,NA,NA,NA,NA,NA
126,0.077082023,3,20,2031,NA,NA,NA,NA,NA,NA
750,0.448554391,10,25,2053,NA,NA,NA,NA,NA,NA
955,0.571515501,9,24,2058,NA,NA,NA,NA,NA,NA
944,0.565325569,6,20,2067,NA,NA,NA,NA,NA,NA
817,0.48440765,1,21,2070,NA,NA,NA,NA,NA,NA
14,0.01127402,3,24,2125,NA,NA,NA,NA,NA,NA
393,0.225698173,1,24,2140,NA,NA,NA,NA,NA,NA
43,0.028095,6,20,2149,NA,NA,NA,NA,NA,NA
848,0.499487642,8,21,2156,NA,NA,NA,NA,NA,NA
619,0.366974893,7,25,2158,NA,NA,NA,NA,NA,NA
726,0.4325295,7,21,2175,NA,NA,NA,NA,NA,NA
605,0.359818456,7,25,2176,NA,NA,NA,NA,NA,NA
555,0.326078909,5,23,2186,NA,NA,NA,NA,NA,NA
741,0.443679263,9,19,2200,NA,NA,NA,NA,NA,NA
190,0.109596803,8,21,2203,NA,NA,NA,NA,NA,NA
222,0.134880826,10,18,2226,NA,NA,NA,NA,NA,NA
665,0.390336284,9,19,2239,NA,NA,NA,NA,NA,NA
574,0.340426149,1,24,2268,NA,NA,NA,NA,NA,NA
204,0.118157085,6,18,2278,NA,NA,NA,NA,NA,NA
717,0.424566266,10,23,2306,NA,NA,NA,NA,NA,NA
200,0.11624452,7,21,2316,NA,NA,NA,NA,NA,NA
98,0.061299605,3,20,2332,NA,NA,NA,NA,NA,NA
842,0.497262132,1,23,2347,NA,NA,NA,NA,NA,NA
643,0.377980573,7,20,2376,NA,NA,NA,NA,NA,NA
796,0.472267413,1,25,2377,NA,NA,NA,NA,NA,NA
567,0.332881279,5,20,2404,NA,NA,NA,NA,NA,NA
288,0.166846619,9,25,2417,NA,NA,NA,NA,NA,NA
153,0.092940938,3,23,2419,NA,NA,NA,NA,NA,NA
384,0.220479846,10,20,2428,NA,NA,NA,NA,NA,NA
81,0.052744286,1,20,2431,NA,NA,NA,NA,NA,NA
962,0.576694303,4,21,2433,NA,NA,NA,NA,NA,NA
422,0.2432089,7,22,2439,NA,NA,NA,NA,NA,NA
546,0.319119582,6,20,2454,NA,NA,NA,NA,NA,NA
981,0.583521327,3,24,2457,NA,NA,NA,NA,NA,NA
787,0.466720554,4,20,2474,NA,NA,NA,NA,NA,NA
626,0.369565074,10,20,2483,NA,NA,NA,NA,NA,NA
15,0.012020628,10,20,2497,NA,NA,NA,NA,NA,NA
485,0.278584397,5,21,2514,NA,NA,NA,NA,NA,NA
286,0.166240503,2,24,2565,NA,NA,NA,NA,NA,NA
804,0.478317018,4,20,2569,NA,NA,NA,NA,NA,NA
558,0.327532117,2,20,2577,NA,NA,NA,NA,NA,NA
70,0.039535881,7,20,2580,NA,NA,NA,NA,NA,NA
302,0.173896989,1,23,2582,NA,NA,NA,NA,NA,NA
293,0.169591159,4,20,2621,NA,NA,NA,NA,NA,NA
628,0.369745592,4,18,2649,NA,NA,NA,NA,NA,NA
865,0.509104305,7,24,2661,NA,NA,NA,NA,NA,NA
748,0.44702822,1,18,2665,NA,NA,NA,NA,NA,NA
451,0.257756931,8,25,2672,NA,NA,NA,NA,NA,NA
480,0.273760552,5,25,2692,NA,NA,NA,NA,NA,NA
940,0.56255961,2,23,2701,NA,NA,NA,NA,NA,NA
307,0.179744577,6,24,2706,NA,NA,NA,NA,NA,NA
753,0.449352363,7,24,2709,NA,NA,NA,NA,NA,NA
267,0.15812988,7,21,2747,NA,NA,NA,NA,NA,NA
963,0.576842846,9,20,2764,NA,NA,NA,NA,NA,NA
308,0.179809768,10,21,2780,NA,NA,NA,NA,NA,NA
180,0.105132432,10,21,2790,NA,NA,NA,NA,NA,NA
124,0.074743356,3,25,2802,NA,NA,NA,NA,NA,NA
17,0.013114472,4,23,2804,NA,NA,NA,NA,NA,NA
812,0.481741074,1,19,2814,NA,NA,NA,NA,NA,NA
296,0.170219288,5,19,2821,NA,NA,NA,NA,NA,NA
869,0.510771577,6,25,2839,NA,NA,NA,NA,NA,NA
30,0.022566037,7,19,2849,NA,NA,NA,NA,NA,NA
283,0.164197576,6,19,2850,NA,NA,NA,NA,NA,NA
265,0.157085174,5,22,2855,NA,NA,NA,NA,NA,NA
232,0.140759008,9,23,2858,NA,NA,NA,NA,NA,NA
416,0.239039907,1,20,2865,NA,NA,NA,NA,NA,NA
56,0.033011101,10,20,2881,NA,NA,NA,NA,NA,NA
256,0.152370867,6,20,2886,NA,NA,NA,NA,NA,NA
140,0.085933375,2,19,2898,NA,NA,NA,NA,NA,NA
966,0.577540171,2,20,2903,NA,NA,NA,NA,NA,NA
517,0.298608259,9,25,2910,NA,NA,NA,NA,NA,NA
13,0.01105289,6,25,2914,NA,NA,NA,NA,NA,NA
125,0.076822507,8,19,2921,NA,NA,NA,NA,NA,NA
639,0.376554992,6,19,2935,NA,NA,NA,NA,NA,NA
930,0.557914905,6,21,2943,NA,NA,NA,NA,NA,NA
438,0.253601176,5,18,2981,NA,NA,NA,NA,NA,NA
932,0.558127028,7,20,2997,NA,NA,NA,NA,NA,NA
249,0.149435842,3,22,3021,NA,NA,NA,NA,NA,NA
469,0.267209417,2,20,3039,NA,NA,NA,NA,NA,NA
662,0.389128722,7,24,3040,NA,NA,NA,NA,NA,NA
143,0.087011973,3,25,3042,NA,NA,NA,NA,NA,NA
412,0.236392383,8,24,3060,NA,NA,NA,NA,NA,NA
516,0.297540226,10,22,3092,NA,NA,NA,NA,NA,NA
20,0.015943318,5,22,3100,NA,NA,NA,NA,NA,NA
597,0.355176362,3,18,3105,NA,NA,NA,NA,NA,NA
730,0.436851032,9,21,3154,NA,NA,NA,NA,NA,NA
498,0.282970703,10,18,3154,NA,NA,NA,NA,NA,NA
6,0.007502781,6,23,3174,NA,NA,NA,NA,NA,NA
502,0.285735543,6,24,3176,NA,NA,NA,NA,NA,NA
317,0.187404924,5,22,3198,NA,NA,NA,NA,NA,NA
320,0.18816197,9,25,3201,NA,NA,NA,NA,NA,NA
432,0.250066313,9,22,3208,NA,NA,NA,NA,NA,NA
401,0.228229116,4,19,3215,NA,NA,NA,NA,NA,NA
86,0.05437824,10,19,3215,NA,NA,NA,NA,NA,NA
964,0.576871917,2,20,3223,NA,NA,NA,NA,NA,NA
758,0.452758031,5,18,3225,NA,NA,NA,NA,NA,NA
573,0.339082016,7,25,3225,NA,NA,NA,NA,NA,NA
340,0.199758977,1,22,3227,NA,NA,NA,NA,NA,NA
629,0.369911773,3,21,3235,NA,NA,NA,NA,NA,NA
495,0.282095439,1,24,3294,NA,NA,NA,NA,NA,NA
465,0.266262635,7,23,3301,NA,NA,NA,NA,NA,NA
79,0.051646024,6,20,3330,NA,NA,NA,NA,NA,NA
641,0.377236755,8,22,3346,NA,NA,NA,NA,NA,NA
475,0.270885994,9,21,3348,NA,NA,NA,NA,NA,NA
669,0.392952888,3,21,3376,NA,NA,NA,NA,NA,NA
64,0.036433603,10,20,3403,NA,NA,NA,NA,NA,NA
535,0.311016998,1,25,3416,NA,NA,NA,NA,NA,NA
723,0.429048051,7,21,3418,NA,NA,NA,NA,NA,NA
351,0.205326345,7,19,3460,NA,NA,NA,NA,NA,NA
747,0.446340139,9,22,3461,NA,NA,NA,NA,NA,NA
254,0.151016523,3,25,3464,NA,NA,NA,NA,NA,NA
261,0.154531457,9,18,3471,NA,NA,NA,NA,NA,NA
771,0.457900297,2,22,3486,NA,NA,NA,NA,NA,NA
452,0.259400685,5,18,3493,NA,NA,NA,NA,NA,NA
329,0.193812772,1,25,3516,NA,NA,NA,NA,NA,NA
737,0.440440285,1,18,3524,NA,NA,NA,NA,NA,NA
679,0.403104144,1,18,3537,NA,NA,NA,NA,NA,NA
289,0.166860538,8,19,3560,NA,NA,NA,NA,NA,NA
844,0.49752613,3,21,3563,NA,NA,NA,NA,NA,NA
55,0.032728648,3,21,3567,NA,NA,NA,NA,NA,NA
883,0.517973508,7,19,3647,NA,NA,NA,NA,NA,NA
484,0.278208907,6,22,3667,NA,NA,NA,NA,NA,NA
657,0.383682814,8,21,3688,NA,NA,NA,NA,NA,NA
861,0.506605993,9,22,3697,NA,NA,NA,NA,NA,NA
909,0.539337361,6,25,3717,NA,NA,NA,NA,NA,NA
576,0.341881396,2,20,3722,NA,NA,NA,NA,NA,NA
790,0.469220738,10,24,3730,NA,NA,NA,NA,NA,NA
363,0.211245182,6,23,3738,NA,NA,NA,NA,NA,NA
334,0.196414848,9,19,3745,NA,NA,NA,NA,NA,NA
19,0.015252421,1,20,3752,NA,NA,NA,NA,NA,NA
201,0.117064241,4,21,3784,NA,NA,NA,NA,NA,NA
260,0.154227243,5,25,3784,NA,NA,NA,NA,NA,NA
568,0.334830816,7,20,3786,NA,NA,NA,NA,NA,NA
661,0.388781948,9,24,3792,NA,NA,NA,NA,NA,NA
746,0.445947235,3,24,3801,NA,NA,NA,NA,NA,NA
121,0.072987699,6,18,3806,NA,NA,NA,NA,NA,NA
650,0.380566059,10,24,3810,NA,NA,NA,NA,NA,NA
920,0.547151974,10,23,3822,NA,NA,NA,NA,NA,NA
884,0.520053665,6,22,3837,NA,NA,NA,NA,NA,NA
455,0.261257766,7,22,3844,NA,NA,NA,NA,NA,NA
388,0.223708783,7,20,3851,NA,NA,NA,NA,NA,NA
345,0.202115035,3,22,3863,NA,NA,NA,NA,NA,NA
369,0.214574162,9,25,3870,NA,NA,NA,NA,NA,NA
213,0.1285158,9,22,3884,NA,NA,NA,NA,NA,NA
620,0.367296859,2,20,3893,NA,NA,NA,NA,NA,NA
854,0.501892712,2,20,3893,NA,NA,NA,NA,NA,NA
257,0.15305133,7,20,3911,NA,NA,NA,NA,NA,NA
866,0.50920418,4,23,3916,NA,NA,NA,NA,NA,NA
251,0.149705512,5,23,3918,NA,NA,NA,NA,NA,NA
23,0.020235306,9,22,3938,NA,NA,NA,NA,NA,NA
601,0.357677987,1,20,3959,NA,NA,NA,NA,NA,NA
377,0.217144737,10,21,3959,NA,NA,NA,NA,NA,NA
48,0.030310204,10,18,4007,NA,NA,NA,NA,NA,NA
25,0.021363782,7,23,4021,NA,NA,NA,NA,NA,NA
477,0.272296641,9,18,4052,NA,NA,NA,NA,NA,NA
565,0.332614468,4,24,4054,NA,NA,NA,NA,NA,NA
985,0.585545225,3,19,4058,NA,NA,NA,NA,NA,NA
644,0.378611692,6,25,4078,NA,NA,NA,NA,NA,NA
778,0.463536387,10,20,4088,NA,NA,NA,NA,NA,NA
4,0.005125905,10,24,4089,NA,NA,NA,NA,NA,NA
868,0.510754071,6,20,4091,NA,NA,NA,NA,NA,NA
569,0.336628511,4,21,4104,NA,NA,NA,NA,NA,NA
370,0.214658219,2,18,4106,NA,NA,NA,NA,NA,NA
653,0.382446593,2,22,4126,NA,NA,NA,NA,NA,NA
918,0.545510724,1,21,4127,NA,NA,NA,NA,NA,NA
973,0.580499825,7,18,4149,NA,NA,NA,NA,NA,NA
781,0.464665665,4,19,4167,NA,NA,NA,NA,NA,NA
445,0.256157696,7,19,4186,NA,NA,NA,NA,NA,NA
799,0.473929027,6,19,4190,NA,NA,NA,NA,NA,NA
404,0.229988935,2,21,4203,NA,NA,NA,NA,NA,NA
228,0.138890186,1,18,4248,NA,NA,NA,NA,NA,NA
616,0.362676255,9,20,4260,NA,NA,NA,NA,NA,NA
503,0.286093,2,20,4268,NA,NA,NA,NA,NA,NA
391,0.225332549,8,18,4277,NA,NA,NA,NA,NA,NA
40,0.02689376,10,20,4303,NA,NA,NA,NA,NA,NA
467,0.266846666,9,25,4316,NA,NA,NA,NA,NA,NA
596,0.355072651,4,19,4323,NA,NA,NA,NA,NA,NA
763,0.453651678,5,24,4326,NA,NA,NA,NA,NA,NA
919,0.545796922,3,19,4364,NA,NA,NA,NA,NA,NA
772,0.460032652,5,21,4370,NA,NA,NA,NA,NA,NA
417,0.239453956,8,25,4385,NA,NA,NA,NA,NA,NA
225,0.136185945,8,25,4391,NA,NA,NA,NA,NA,NA
489,0.280464153,8,24,4395,NA,NA,NA,NA,NA,NA
344,0.201504443,10,19,4402,NA,NA,NA,NA,NA,NA
570,0.33670556,5,22,4405,NA,NA,NA,NA,NA,NA
290,0.167852385,5,18,4412,NA,NA,NA,NA,NA,NA
97,0.061016087,5,21,4413,NA,NA,NA,NA,NA,NA
333,0.196150866,5,19,4414,NA,NA,NA,NA,NA,NA
627,0.369631607,6,18,4419,NA,NA,NA,NA,NA,NA
945,0.565845296,1,21,4434,NA,NA,NA,NA,NA,NA
275,0.161250058,3,19,4466,NA,NA,NA,NA,NA,NA
525,0.304025529,6,23,4498,NA,NA,NA,NA,NA,NA
761,0.453479755,6,20,4504,NA,NA,NA,NA,NA,NA
284,0.164981735,6,21,4505,NA,NA,NA,NA,NA,NA
824,0.488069978,8,19,4517,NA,NA,NA,NA,NA,NA
800,0.474540703,3,21,4522,NA,NA,NA,NA,NA,NA
670,0.395113972,3,22,4534,NA,NA,NA,NA,NA,NA
592,0.352764278,8,22,4550,NA,NA,NA,NA,NA,NA
490,0.280469811,1,19,4559,NA,NA,NA,NA,NA,NA
203,0.118091452,2,20,4561,NA,NA,NA,NA,NA,NA
410,0.23484675,8,25,4562,NA,NA,NA,NA,NA,NA
515,0.29585532,8,24,4565,NA,NA,NA,NA,NA,NA
481,0.274643796,3,25,4579,NA,NA,NA,NA,NA,NA
68,0.038944958,4,23,4584,NA,NA,NA,NA,NA,NA
22,0.019798083,8,20,4608,NA,NA,NA,NA,NA,NA
343,0.201281519,6,21,4633,NA,NA,NA,NA,NA,NA
749,0.447360151,5,19,4634,NA,NA,NA,NA,NA,NA
406,0.231162657,8,21,4638,NA,NA,NA,NA,NA,NA
362,0.210694953,7,18,4692,NA,NA,NA,NA,NA,NA
179,0.104466531,9,21,4692,NA,NA,NA,NA,NA,NA
785,0.466035676,3,18,4701,NA,NA,NA,NA,NA,NA
745,0.445262996,7,24,4744,NA,NA,NA,NA,NA,NA
187,0.107289568,7,24,4779,NA,NA,NA,NA,NA,NA
436,0.252092543,10,25,4867,NA,NA,NA,NA,NA,NA
547,0.320911553,10,19,4869,NA,NA,NA,NA,NA,NA
698,0.411901079,4,24,4872,NA,NA,NA,NA,NA,NA
468,0.26704051,5,24,4909,NA,NA,NA,NA,NA,NA
686,0.405352393,6,22,4923,NA,NA,NA,NA,NA,NA
694,0.409189286,6,25,4935,NA,NA,NA,NA,NA,NA
74,0.047296816,7,20,4939,NA,NA,NA,NA,NA,NA
58,0.034346642,3,22,4944,NA,NA,NA,NA,NA,NA
893,0.528087562,8,24,4947,NA,NA,NA,NA,NA,NA
96,0.060488437,7,18,4953,NA,NA,NA,NA,NA,NA
449,0.257468792,4,20,4961,NA,NA,NA,NA,NA,NA
859,0.504592591,3,20,4966,NA,NA,NA,NA,NA,NA
322,0.18922031,8,19,4966,NA,NA,NA,NA,NA,NA
531,0.308299327,10,24,4972,NA,NA,NA,NA,NA,NA
954,0.571358841,3,19,4981,NA,NA,NA,NA,NA,NA
84,0.053781267,8,24,4982,NA,NA,NA,NA,NA,NA